Workbook
Name AxisCol: '3. Matrix'!$C$6:$C$47
Name DocStatus: '2. Details'!$C$14
Name DomainCol: '3. Matrix'!$B$6:$B$47
Name EngagementType: '2. Details'!$C$13
Name EvidenceInHand: '2. Details'!$C$15
Name InvalidNA: '3. Matrix'!$S$6:$S$47
Name InvalidNT: '3. Matrix'!$T$6:$T$47
Name InvalidScore: '3. Matrix'!$AC$6:$AC$47
Name LevelCol: '3. Matrix'!$D$6:$D$47
Name MaxPoints: '3. Matrix'!$O$6:$O$47
Name MustBlank: '3. Matrix'!$R$6:$R$47
Name MustFail: '3. Matrix'!$P$6:$P$47
Name MustPartial: '3. Matrix'!$Q$6:$Q$47
Name Organisation: '2. Details'!$C$7
Name Points: '3. Matrix'!$N$6:$N$47
Name ReportRef: '2. Details'!$C$6
Name ReportTitle: '2. Details'!$C$5
Name ReviewDate: '2. Details'!$C$20
Name Reviewer: '2. Details'!$C$19
Name ScoreCol: '3. Matrix'!$I$6:$I$47
Name ScoredFlags: '3. Matrix'!$W$6:$W$47
Name ShouldFail: '3. Matrix'!$U$6:$U$47
Name ShouldPartial: '3. Matrix'!$V$6:$V$47
Name StandardsEra: '2. Details'!$C$16

Sheet 1. Instructions & Advisory
B2: Internal Audit Report Evaluation Matrix (GIAS 2024 Conformance)
B3: Scored from the Global Internal Audit Standards (GIAS 2024 edition, effective 9 January 2025). Prepared by Majid Mumtaz | CIA, ACA, FCCA, GRCP, GRCA, COSO ERM | Director of Internal Audit & Risk Advisory, Veritux Advisory | Author of The Audit Signal. Professional QAIP gate and engagement scoring architecture.
B5: What this matrix is, and what it is not
B6: This matrix tests one communication against the Requirements in the Standards. The lines that govern a final engagement communication are Standards 15.1, 14.5, 14.4, 14.3, 14.2, 14.1, 13.4, 13.3, 13.1, 11.2, 11.3, 11.4, 11.5, 5.1, and 5.2. Standard 15.2, confirming that actions were implemented, is follow-up. It is not scored on the first assignment report. A line taken from a Requirement is a Must. A line taken from considerations is a Should. Standards 11.4 and 11.5 are Requirements that apply only when the facts exist, so G6 and G7 are Must and are N/A on an ordinary engagement. ICAEW does not publish a separate standard for the form of an internal audit report. Where an ICAEW member performs internal audit, the Standards above are the reporting requirements. The ICAEW Code of Ethics tracks Principles 1, 2, and 5 of the Standards. Those principles are scored here only through Standards 11.2, 5.1, and 5.2. The Chartered IIA Internal Audit Code of Practice, section C, describes reporting to the audit committee across the year, including an annual opinion. It is not used as a scored line on an engagement report. An opinion on the whole organisation is a different product. Score it with document type Overall opinion. That uses Standard 11.3, not the Code.
B10: Start with the document, not the first line
B11: On 2. Details, set the type, the status, and what evidence you have. Not an engagement report: stop. The scorecard returns Outside this matrix. A risk assessment or an annual plan is not scored as a failed audit report. Draft: score the lines, and use Not tested on approval, owners, dates, and management replies that are still open. The decision is prefixed Draft. A draft is not treated as an issued report that failed approval. Report only: if the page is silent on chief audit executive approval, on distribution, or on a confidentiality restriction, enter Not tested. Those requirements still exist. This review cannot see them. Not tested does not, by itself, withhold the report. Score 0 only when the record shows the requirement was broken. On an ordinary assurance or advisory report, score G6 and G7 as N/A. They apply only when this document corrects a significant error, or shows that management accepted risk above appetite.
B14: Two results
B15: Findings index: criteria, condition, cause, effect, priority, evidence, and whether significant points stand out. Close index: objectives, scope, limitations, the conclusion, the actions, the seven qualities in Standard 11.2, and issuance. A report can test well and still not be issuable. The two indexes keep those facts apart. The issue decision uses the gate, not the higher index.
B18: How to score
B19: Score | C19: Label | D19: Use it when
B20: 3 | C20: Strong | D20: The requirement is met, and the report states it specifically enough that the reader can use the point.
B21: 2 | C21: Met | D21: The requirement is met.
B22: 1 | C22: Partly met | D22: The point is present, but it is generic, incomplete, or not usable for a decision. A stated conclusion that the report then disclaims scores 1 on E1, not 0.
B23: 0 | C23: Not met | D23: Missing, contradicted, or misleading. A count of findings, with no conclusion, scores 0 on E1.
B24: N/A | C24: Not applicable | D24: Only where column L says Yes. When E1 is 0, the formula switches E2 off. Do not enter a second score for the missing conclusion.
B25: Not tested | C25: Not tested | D25: Only where the matrix says Not tested is permitted. The page or the file does not contain the evidence. Excluded from the index and from the gate.
B27: Issue decision
B28: Not tested and permitted N/A are ignored by the gate and by both indexes. A Met is 2 out of a maximum of 3, so a report that meets every scored line shows 67%. The decision is the gate. Column G on 3. Matrix looks up 6. Standards. Where a line uses a consideration rather than a Requirement, the label says so. Column H switches E2 off when E1 is 0, B2 off when B1 is N/A, D1 to D5 off when C1 is N/A, G3 off before 9 January 2025, and O1 to O5 off unless the document type is Overall opinion. The gap list shows the first 12 gaps. The counts above it include the rest. Yellow cells are the inputs. The other cells are protected so a sort or a typed formula does not break the workbook. Use Review, Unprotect Sheet. There is no password. The findings sheet holds 20 findings. Its counts feed column H. They do not write the score.
B30: Decision | C30: Rule
B31: Outside this matrix | C31: Document type is Not an engagement report.
B32: Draft — plus the gate below | C32: Status is Draft. The gate says what would happen if this text were issued as it stands.
B33: Not started | C33: No scores have been entered.
B34: Withhold | C34: Any Must that was scored is 0, any Must that should have been scored is blank, or the score is not 3, 2, 1, 0, N/A, or Not tested.
B35: Revise before issue | C35: No Must is 0, but at least one Must is 1, or three or more Should items are 0.
B36: Accept, and record the gaps | C36: Every scored Must is 2 or 3, and at least one Should is 0 or 1, with fewer than three Should items at 0.
B37: Accept | C37: Every scored Must is 2 or 3, and no Should is 0 or 1.
B39: This workbook paraphrases the Global Internal Audit Standards so a reviewer can score one communication. It is not the Standards. It is not published or endorsed by the Institute of Internal Auditors or by ICAEW. Where the workbook and the Standards differ, follow the Standards. Edition used: 9 January 2024, effective 9 January 2025.
B40: Tool: Internal Audit Report Evaluation Matrix (GIAS 2024 Conformance) | Author: Majid Mumtaz | CIA, ACA, FCCA, GRCP, GRCA, COSO ERM | Director, Veritux Advisory | Author of The Audit Signal
B41: Author & Advisory: Majid Mumtaz | CIA, ACA, FCCA, GRCP, GRCA, COSO ERM | Director of Internal Audit & Risk Advisory, Veritux Advisory | Author of The Audit Signal (LinkedIn Newsletter)
B42: Executive Portfolio: https://majidrajpar.github.io/portfolio_my/ | The Audit Signal Newsletter: https://www.linkedin.com/newsletters/the-audit-signal-7339153291630510080/ | LinkedIn: https://www.linkedin.com/in/majid-m-4b097118/
B43: Continuous Controls Monitoring (CCM) Advisory Note:
B44: For automating recurring audit ratings and continuous controls telemetry directly from your ERP/data warehouse, see the CCM Telemetry Architect: https://majidrajpar.github.io/portfolio_my/tools/ccm-telemetry-architect/

Sheet 2. Details
B2: Engagement details
B3: Yellow cells are inputs. Set type, status, evidence, and the standards era before scoring.
B4: Field | C4: Entry | D4: Note
B5: Report title | D5: Title as it appears on the communication.
B6: Report reference | D6: Document number or engagement code.
B7: Organisation | D7: Entity under review.
B8: Activity reviewed | D8: Process, function, or risk area.
B9: Period covered | D9: The period the conclusion relates to.
B10: Fieldwork completed | D10: Date fieldwork ended.
B11: Report date | D11: Date of the version under review. Use the printed date.
B12: Version | D12: Draft number, or Final.
B13: Document type | D13: Assurance, Advisory, Overall opinion, or Not an engagement report.
B14: Status | D14: Final or Draft.
B15: Evidence in this review | D15: Report only, or Report and file.
B16: Standards era | D16: Before 9 January 2025, or On or after 9 January 2025. This drives line G3.
... B21: File reference | D21: Where the working papers are, if they were used.
B23: Scope of this review
B24: Record what you could not see: a missing appendix, a sanitized copy, or a file that was not opened. Redaction is not an audit failure. Enter Not tested on an owner, a date, or timeliness when the copy has removed them.

Sheet 3. Matrix
A1: Evaluation matrix
A2: Column G looks up the Standard on 6. Standards. Column H is a formula and shows when another line switches this one off. Score in column I: 3, 2, 1, 0, N/A, or Not tested. N/A and Not tested only where the columns say Yes. A score of 0, 1, N/A, or Not tested needs a comment.
A3: =IF(ReportTitle="","Set 2. Details first.","Report: "&ReportTitle&" | "&IF(EngagementType="","(set document type)",EngagementType)&" | "&IF(DocStatus="","(set status)",DocStatus)&" | "&IF(StandardsEra="","(set standards era)",StandardsEra))
A5: Ref | B5: Domain | C5: Index | D5: Level | E5: Criterion | F5: What the standard requires | G5: Source | H5: Depends on | I5: Score | J5: Evidence | K5: Comment | L5: N/A ok | M5: Not tested ok | N5: Points | O5: Max | P5: Must0 | Q5: Must1 | R5: MustBlank | S5: BadNA | T5: BadNT | U5: Should0 | V5: Should1 | W5: Scored | X5: Num | Y5: Gap | Z5: GapNo | AA5: Switch | AB5: StdKey | AC5: BadScore
A6: A1 | B6: Objectives and scope | C6: Close | D6: Must | E6: Objectives state the purpose and the specific goals | F6: The report states what the engagement set out to achieve, specifically enough that the conclusion can answer it. A single line that only says the work reviewed the existence and effectiveness of key controls scores 1. | G6: ="13.3 "&INDEX('6. Standards'!$B$5:$B$21,MATCH("13.3",'6. Standards'!$A$5:$A$21,0))&" — "&INDEX('6. Standards'!$C$5:$C$21,MATCH("13.3",'6. Standards'!$A$5:$A$21,0))&CHAR(10)&"15.1 "&INDEX('6. Standards'!$B$5:$B$21,MATCH("15.1",'6. Standards'!$A$5:$A$21,0))&" — "&INDEX('6. Standards'!$C$5:$C$21,MATCH("15.1",'6. Standards'!$A$5:$A$21,0)) | H6: ="No other line switches this off." | L6: No | M6: No | N6: =IF(OR(OR(AA6,AND(UPPER(TRIM(I6&""))="N/A",L6="Yes"),AND(UPPER(TRIM(I6&""))="NOT TESTED",M6="Yes")),OR(AND(UPPER(TRIM(I6&""))="N/A",L6<>"Yes"),AND(UPPER(TRIM(I6&""))="NOT TESTED",M6<>"Yes"),AND(NOT(I6=""),NOT(UPPER(TRIM(I6&""))="N/A"),NOT(UPPER(TRIM(I6&""))="NOT TESTED"),NOT(AND(ISNUMBER(IFERROR(VALUE(I6&""),"")),OR(IFERROR(VALUE(I6&""),"")=0,IFERROR(VALUE(I6&""),"")=1,IFERROR(VALUE(I6&""),"")=2,IFERROR(VALUE(I6&""),"")=3)))))),0,IF(AND(ISNUMBER(IFERROR(VALUE(I6&""),"")),OR(IFERROR(VALUE(I6&""),"")=0,IFERROR(VALUE(I6&""),"")=1,IFERROR(VALUE(I6&""),"")=2,IFERROR(VALUE(I6&""),"")=3)),IFERROR(VALUE(I6&""),"")*IF(D6="Must",2,1),0)) | O6: =IF(OR(AA6,AND(UPPER(TRIM(I6&""))="N/A",L6="Yes"),AND(UPPER(TRIM(I6&""))="NOT TESTED",M6="Yes")),0,IF(OR(OR(AND(UPPER(TRIM(I6&""))="N/A",L6<>"Yes"),AND(UPPER(TRIM(I6&""))="NOT TESTED",M6<>"Yes"),AND(NOT(I6=""),NOT(UPPER(TRIM(I6&""))="N/A"),NOT(UPPER(TRIM(I6&""))="NOT TESTED"),NOT(AND(ISNUMBER(IFERROR(VALUE(I6&""),"")),OR(IFERROR(VALUE(I6&""),"")=0,IFERROR(VALUE(I6&""),"")=1,IFERROR(VALUE(I6&""),"")=2,IFERROR(VALUE(I6&""),"")=3))))),AND(ISNUMBER(IFERROR(VALUE(I6&""),"")),OR(IFERROR(VALUE(I6&""),"")=0,IFERROR(VALUE(I6&""),"")=1,IFERROR(VALUE(I6&""),"")=2,IFERROR(VALUE(I6&""),"")=3))),3*IF(D6="Must",2,1),0)) | P6: =IF(OR(AA6,NOT(AND(D6="Must",ISNUMBER(X6),X6=0))),0,1) | Q6: =IF(OR(AA6,NOT(AND(D6="Must",ISNUMBER(X6),X6=1))),0,1) | R6: =IF(AND(NOT(AA6),D6="Must",I6=""),1,0) | S6: =IF(AND(NOT(AA6),UPPER(TRIM(I6&""))="N/A",L6<>"Yes"),1,0) | T6: =IF(AND(NOT(AA6),UPPER(TRIM(I6&""))="NOT TESTED",M6<>"Yes"),1,0) | U6: =IF(OR(AA6,NOT(AND(D6="Should",ISNUMBER(X6),X6=0))),0,1) | V6: =IF(OR(AA6,NOT(AND(D6="Should",ISNUMBER(X6),X6=1))),0,1) | W6: =IF(OR(I6="",AA6),0,1) | X6: =IF(I6="","",IF(UPPER(TRIM(I6&""))="N/A","N/A",IF(UPPER(TRIM(I6&""))="NOT TESTED","NT",IF(AND(ISNUMBER(IFERROR(VALUE(I6&""),"")),OR(IFERROR(VALUE(I6&""),"")=0,IFERROR(VALUE(I6&""),"")=1,IFERROR(VALUE(I6&""),"")=2,IFERROR(VALUE(I6&""),"")=3)),IFERROR(VALUE(I6&""),""),"BAD")))) | Y6: =IF(OR(AA6,NOT(OR(AND(D6="Must",I6="",SUM($W$6:$W$47)>0),AND(ISNUMBER(X6),X6<2),AND(UPPER(TRIM(I6&""))="N/A",L6<>"Yes"),AND(UPPER(TRIM(I6&""))="NOT TESTED",M6<>"Yes"),AND(NOT(I6=""),NOT(UPPER(TRIM(I6&""))="N/A"),NOT(UPPER(TRIM(I6&""))="NOT TESTED"),NOT(AND(ISNUMBER(IFERROR(VALUE(I6&""),"")),OR(IFERROR(VALUE(I6&""),"")=0,IFERROR(VALUE(I6&""),"")=1,IFERROR(VALUE(I6&""),"")=2,IFERROR(VALUE(I6&""),"")=3))))))),0,1) | Z6: =IF(Y6=1,COUNTIF($Y$6:Y6,1),0) | AA6: =OR(AND(LEFT(A6,1)="O",EngagementType<>"Overall opinion"),AND(A6="G3",StandardsEra="Before 9 January 2025"),AND(A6="E2",OR(INDEX($I$6:$I$47,MATCH("E1",$A$6:$A$47,0))=0,INDEX($I$6:$I$47,MATCH("E1",$A$6:$A$47,0))="0")),AND(A6="B2",UPPER(TRIM(INDEX($I$6:$I$47,MATCH("B1",$A$6:$A$47,0))&""))="N/A"),AND(OR(A6="D1",A6="D2",A6="D3",A6="D4",A6="D5"),UPPER(TRIM(INDEX($I$6:$I$47,MATCH("C1",$A$6:$A$47,0))&""))="N/A")) | AB6: 13.3;15.1 | AC6: =IF(AND(NOT(AA6),AND(NOT(I6=""),NOT(UPPER(TRIM(I6&""))="N/A"),NOT(UPPER(TRIM(I6&""))="NOT TESTED"),NOT(AND(ISNUMBER(IFERROR(VALUE(I6&""),"")),OR(IFERROR(VALUE(I6&""),"")=0,IFERROR(VALUE(I6&""),"")=1,IFERROR(VALUE(I6&""),"")=2,IFERROR(VALUE(I6&""),"")=3))))),1,0)
A7: A2 | B7: Objectives and scope | C7: Close | D7: Must | E7: Scope sets the boundaries | F7: Scope names the activities, the locations or units, the processes or systems, and the period, and it is wide enough to meet the objectives. A period and a process name, with no units and no boundary, scores 1. | G7: ="13.3 "&INDEX('6. Standards'!$B$5:$B$21,MATCH("13.3",'6. Standards'!$A$5:$A$21,0))&" — "&INDEX('6. Standards'!$C$5:$C$21,MATCH("13.3",'6. Standards'!$A$5:$A$21,0))&CHAR(10)&"15.1 "&INDEX('6. Standards'!$B$5:$B$21,MATCH("15.1",'6. Standards'!$A$5:$A$21,0))&" — "&INDEX('6. Standards'!$C$5:$C$21,MATCH("15.1",'6. Standards'!$A$5:$A$21,0)) | H7: ="No other line switches this off." | L7: No | M7: No | N7: =IF(OR(OR(AA7,AND(UPPER(TRIM(I7&""))="N/A",L7="Yes"),AND(UPPER(TRIM(I7&""))="NOT TESTED",M7="Yes")),OR(AND(UPPER(TRIM(I7&""))="N/A",L7<>"Yes"),AND(UPPER(TRIM(I7&""))="NOT TESTED",M7<>"Yes"),AND(NOT(I7=""),NOT(UPPER(TRIM(I7&""))="N/A"),NOT(UPPER(TRIM(I7&""))="NOT TESTED"),NOT(AND(ISNUMBER(IFERROR(VALUE(I7&""),"")),OR(IFERROR(VALUE(I7&""),"")=0,IFERROR(VALUE(I7&""),"")=1,IFERROR(VALUE(I7&""),"")=2,IFERROR(VALUE(I7&""),"")=3)))))),0,IF(AND(ISNUMBER(IFERROR(VALUE(I7&""),"")),OR(IFERROR(VALUE(I7&""),"")=0,IFERROR(VALUE(I7&""),"")=1,IFERROR(VALUE(I7&""),"")=2,IFERROR(VALUE(I7&""),"")=3)),IFERROR(VALUE(I7&""),"")*IF(D7="Must",2,1),0)) | O7: =IF(OR(AA7,AND(UPPER(TRIM(I7&""))="N/A",L7="Yes"),AND(UPPER(TRIM(I7&""))="NOT TESTED",M7="Yes")),0,IF(OR(OR(AND(UPPER(TRIM(I7&""))="N/A",L7<>"Yes"),AND(UPPER(TRIM(I7&""))="NOT TESTED",M7<>"Yes"),AND(NOT(I7=""),NOT(UPPER(TRIM(I7&""))="N/A"),NOT(UPPER(TRIM(I7&""))="NOT TESTED"),NOT(AND(ISNUMBER(IFERROR(VALUE(I7&""),"")),OR(IFERROR(VALUE(I7&""),"")=0,IFERROR(VALUE(I7&""),"")=1,IFERROR(VALUE(I7&""),"")=2,IFERROR(VALUE(I7&""),"")=3))))),AND(ISNUMBER(IFERROR(VALUE(I7&""),"")),OR(IFERROR(VALUE(I7&""),"")=0,IFERROR(VALUE(I7&""),"")=1,IFERROR(VALUE(I7&""),"")=2,IFERROR(VALUE(I7&""),"")=3))),3*IF(D7="Must",2,1),0)) | P7: =IF(OR(AA7,NOT(AND(D7="Must",ISNUMBER(X7),X7=0))),0,1) | Q7: =IF(OR(AA7,NOT(AND(D7="Must",ISNUMBER(X7),X7=1))),0,1) | R7: =IF(AND(NOT(AA7),D7="Must",I7=""),1,0) | S7: =IF(AND(NOT(AA7),UPPER(TRIM(I7&""))="N/A",L7<>"Yes"),1,0) | T7: =IF(AND(NOT(AA7),UPPER(TRIM(I7&""))="NOT TESTED",M7<>"Yes"),1,0) | U7: =IF(OR(AA7,NOT(AND(D7="Should",ISNUMBER(X7),X7=0))),0,1) | V7: =IF(OR(AA7,NOT(AND(D7="Should",ISNUMBER(X7),X7=1))),0,1) | W7: =IF(OR(I7="",AA7),0,1) | X7: =IF(I7="","",IF(UPPER(TRIM(I7&""))="N/A","N/A",IF(UPPER(TRIM(I7&""))="NOT TESTED","NT",IF(AND(ISNUMBER(IFERROR(VALUE(I7&""),"")),OR(IFERROR(VALUE(I7&""),"")=0,IFERROR(VALUE(I7&""),"")=1,IFERROR(VALUE(I7&""),"")=2,IFERROR(VALUE(I7&""),"")=3)),IFERROR(VALUE(I7&""),""),"BAD")))) | Y7: =IF(OR(AA7,NOT(OR(AND(D7="Must",I7="",SUM($W$6:$W$47)>0),AND(ISNUMBER(X7),X7<2),AND(UPPER(TRIM(I7&""))="N/A",L7<>"Yes"),AND(UPPER(TRIM(I7&""))="NOT TESTED",M7<>"Yes"),AND(NOT(I7=""),NOT(UPPER(TRIM(I7&""))="N/A"),NOT(UPPER(TRIM(I7&""))="NOT TESTED"),NOT(AND(ISNUMBER(IFERROR(VALUE(I7&""),"")),OR(IFERROR(VALUE(I7&""),"")=0,IFERROR(VALUE(I7&""),"")=1,IFERROR(VALUE(I7&""),"")=2,IFERROR(VALUE(I7&""),"")=3))))))),0,1) | Z7: =IF(Y7=1,COUNTIF($Y$6:Y7,1),0) | AA7: =OR(AND(LEFT(A7,1)="O",EngagementType<>"Overall opinion"),AND(A7="G3",StandardsEra="Before 9 January 2025"),AND(A7="E2",OR(INDEX($I$6:$I$47,MATCH("E1",$A$6:$A$47,0))=0,INDEX($I$6:$I$47,MATCH("E1",$A$6:$A$47,0))="0")),AND(A7="B2",UPPER(TRIM(INDEX($I$6:$I$47,MATCH("B1",$A$6:$A$47,0))&""))="N/A"),AND(OR(A7="D1",A7="D2",A7="D3",A7="D4",A7="D5"),UPPER(TRIM(INDEX($I$6:$I$47,MATCH("C1",$A$6:$A$47,0))&""))="N/A")) | AB7: 13.3;15.1 | AC7: =IF(AND(NOT(AA7),AND(NOT(I7=""),NOT(UPPER(TRIM(I7&""))="N/A"),NOT(UPPER(TRIM(I7&""))="NOT TESTED"),NOT(AND(ISNUMBER(IFERROR(VALUE(I7&""),"")),OR(IFERROR(VALUE(I7&""),"")=0,IFERROR(VALUE(I7&""),"")=1,IFERROR(VALUE(I7&""),"")=2,IFERROR(VALUE(I7&""),"")=3))))),1,0)
A8: A3 | B8: Objectives and scope | C8: Close | D8: Must | E8: Scope limitations are explained | F8: A limitation that stopped the work is described, with its effect on the conclusion. Use N/A when the report does not show a scope limitation. A general sentence that the work may not have found every weakness, with no effect on the conclusion, scores 1. | G8: ="15.1 "&INDEX('6. Standards'!$B$5:$B$21,MATCH("15.1",'6. Standards'!$A$5:$A$21,0))&" — "&INDEX('6. Standards'!$C$5:$C$21,MATCH("15.1",'6. Standards'!$A$5:$A$21,0))&CHAR(10)&"13.3 "&INDEX('6. Standards'!$B$5:$B$21,MATCH("13.3",'6. Standards'!$A$5:$A$21,0))&" — "&INDEX('6. Standards'!$C$5:$C$21,MATCH("13.3",'6. Standards'!$A$5:$A$21,0)) | H8: ="No other line switches this off." | L8: Yes | M8: No | N8: =IF(OR(OR(AA8,AND(UPPER(TRIM(I8&""))="N/A",L8="Yes"),AND(UPPER(TRIM(I8&""))="NOT TESTED",M8="Yes")),OR(AND(UPPER(TRIM(I8&""))="N/A",L8<>"Yes"),AND(UPPER(TRIM(I8&""))="NOT TESTED",M8<>"Yes"),AND(NOT(I8=""),NOT(UPPER(TRIM(I8&""))="N/A"),NOT(UPPER(TRIM(I8&""))="NOT TESTED"),NOT(AND(ISNUMBER(IFERROR(VALUE(I8&""),"")),OR(IFERROR(VALUE(I8&""),"")=0,IFERROR(VALUE(I8&""),"")=1,IFERROR(VALUE(I8&""),"")=2,IFERROR(VALUE(I8&""),"")=3)))))),0,IF(AND(ISNUMBER(IFERROR(VALUE(I8&""),"")),OR(IFERROR(VALUE(I8&""),"")=0,IFERROR(VALUE(I8&""),"")=1,IFERROR(VALUE(I8&""),"")=2,IFERROR(VALUE(I8&""),"")=3)),IFERROR(VALUE(I8&""),"")*IF(D8="Must",2,1),0)) | O8: =IF(OR(AA8,AND(UPPER(TRIM(I8&""))="N/A",L8="Yes"),AND(UPPER(TRIM(I8&""))="NOT TESTED",M8="Yes")),0,IF(OR(OR(AND(UPPER(TRIM(I8&""))="N/A",L8<>"Yes"),AND(UPPER(TRIM(I8&""))="NOT TESTED",M8<>"Yes"),AND(NOT(I8=""),NOT(UPPER(TRIM(I8&""))="N/A"),NOT(UPPER(TRIM(I8&""))="NOT TESTED"),NOT(AND(ISNUMBER(IFERROR(VALUE(I8&""),"")),OR(IFERROR(VALUE(I8&""),"")=0,IFERROR(VALUE(I8&""),"")=1,IFERROR(VALUE(I8&""),"")=2,IFERROR(VALUE(I8&""),"")=3))))),AND(ISNUMBER(IFERROR(VALUE(I8&""),"")),OR(IFERROR(VALUE(I8&""),"")=0,IFERROR(VALUE(I8&""),"")=1,IFERROR(VALUE(I8&""),"")=2,IFERROR(VALUE(I8&""),"")=3))),3*IF(D8="Must",2,1),0)) | P8: =IF(OR(AA8,NOT(AND(D8="Must",ISNUMBER(X8),X8=0))),0,1) | Q8: =IF(OR(AA8,NOT(AND(D8="Must",ISNUMBER(X8),X8=1))),0,1) | R8: =IF(AND(NOT(AA8),D8="Must",I8=""),1,0) | S8: =IF(AND(NOT(AA8),UPPER(TRIM(I8&""))="N/A",L8<>"Yes"),1,0) | T8: =IF(AND(NOT(AA8),UPPER(TRIM(I8&""))="NOT TESTED",M8<>"Yes"),1,0) | U8: =IF(OR(AA8,NOT(AND(D8="Should",ISNUMBER(X8),X8=0))),0,1) | V8: =IF(OR(AA8,NOT(AND(D8="Should",ISNUMBER(X8),X8=1))),0,1) | W8: =IF(OR(I8="",AA8),0,1) | X8: =IF(I8="","",IF(UPPER(TRIM(I8&""))="N/A","N/A",IF(UPPER(TRIM(I8&""))="NOT TESTED","NT",IF(AND(ISNUMBER(IFERROR(VALUE(I8&""),"")),OR(IFERROR(VALUE(I8&""),"")=0,IFERROR(VALUE(I8&""),"")=1,IFERROR(VALUE(I8&""),"")=2,IFERROR(VALUE(I8&""),"")=3)),IFERROR(VALUE(I8&""),""),"BAD")))) | Y8: =IF(OR(AA8,NOT(OR(AND(D8="Must",I8="",SUM($W$6:$W$47)>0),AND(ISNUMBER(X8),X8<2),AND(UPPER(TRIM(I8&""))="N/A",L8<>"Yes"),AND(UPPER(TRIM(I8&""))="NOT TESTED",M8<>"Yes"),AND(NOT(I8=""),NOT(UPPER(TRIM(I8&""))="N/A"),NOT(UPPER(TRIM(I8&""))="NOT TESTED"),NOT(AND(ISNUMBER(IFERROR(VALUE(I8&""),"")),OR(IFERROR(VALUE(I8&""),"")=0,IFERROR(VALUE(I8&""),"")=1,IFERROR(VALUE(I8&""),"")=2,IFERROR(VALUE(I8&""),"")=3))))))),0,1) | Z8: =IF(Y8=1,COUNTIF($Y$6:Y8,1),0) | AA8: =OR(AND(LEFT(A8,1)="O",EngagementType<>"Overall opinion"),AND(A8="G3",StandardsEra="Before 9 January 2025"),AND(A8="E2",OR(INDEX($I$6:$I$47,MATCH("E1",$A$6:$A$47,0))=0,INDEX($I$6:$I$47,MATCH("E1",$A$6:$A$47,0))="0")),AND(A8="B2",UPPER(TRIM(INDEX($I$6:$I$47,MATCH("B1",$A$6:$A$47,0))&""))="N/A"),AND(OR(A8="D1",A8="D2",A8="D3",A8="D4",A8="D5"),UPPER(TRIM(INDEX($I$6:$I$47,MATCH("C1",$A$6:$A$47,0))&""))="N/A")) | AB8: 15.1;13.3 | AC8: =IF(AND(NOT(AA8),AND(NOT(I8=""),NOT(UPPER(TRIM(I8&""))="N/A"),NOT(UPPER(TRIM(I8&""))="NOT TESTED"),NOT(AND(ISNUMBER(IFERROR(VALUE(I8&""),"")),OR(IFERROR(VALUE(I8&""),"")=0,IFERROR(VALUE(I8&""),"")=1,IFERROR(VALUE(I8&""),"")=2,IFERROR(VALUE(I8&""),"")=3))))),1,0)
A9: B1 | B9: Criteria | C9: Findings | D9: Must | E9: Evaluation criteria are identified | F9: The report names the benchmark: a policy, law, regulation, contract, framework, or stated control objective. “As per practice” or “key controls,” with no source, scores 1. Use N/A only for an advisory engagement whose terms did not require criteria. | G9: ="13.4 "&INDEX('6. Standards'!$B$5:$B$21,MATCH("13.4",'6. Standards'!$A$5:$A$21,0))&" — "&INDEX('6. Standards'!$C$5:$C$21,MATCH("13.4",'6. Standards'!$A$5:$A$21,0))&CHAR(10)&"14.2 "&INDEX('6. Standards'!$B$5:$B$21,MATCH("14.2",'6. Standards'!$A$5:$A$21,0))&" — "&INDEX('6. Standards'!$C$5:$C$21,MATCH("14.2",'6. Standards'!$A$5:$A$21,0)) | H9: ="No other line switches this off."&IF(COUNTA('4. Findings'!A8:A27)=0,""," Findings sheet, criteria: "&COUNTIF('4. Findings'!C$8:C$27,"Y")&" Y, "&COUNTIF('4. Findings'!C$8:C$27,"P")&" P, "&COUNTIF('4. Findings'!C$8:C$27,"N")&" N.") | L9: Yes | M9: No | N9: =IF(OR(OR(AA9,AND(UPPER(TRIM(I9&""))="N/A",L9="Yes"),AND(UPPER(TRIM(I9&""))="NOT TESTED",M9="Yes")),OR(AND(UPPER(TRIM(I9&""))="N/A",L9<>"Yes"),AND(UPPER(TRIM(I9&""))="NOT TESTED",M9<>"Yes"),AND(NOT(I9=""),NOT(UPPER(TRIM(I9&""))="N/A"),NOT(UPPER(TRIM(I9&""))="NOT TESTED"),NOT(AND(ISNUMBER(IFERROR(VALUE(I9&""),"")),OR(IFERROR(VALUE(I9&""),"")=0,IFERROR(VALUE(I9&""),"")=1,IFERROR(VALUE(I9&""),"")=2,IFERROR(VALUE(I9&""),"")=3)))))),0,IF(AND(ISNUMBER(IFERROR(VALUE(I9&""),"")),OR(IFERROR(VALUE(I9&""),"")=0,IFERROR(VALUE(I9&""),"")=1,IFERROR(VALUE(I9&""),"")=2,IFERROR(VALUE(I9&""),"")=3)),IFERROR(VALUE(I9&""),"")*IF(D9="Must",2,1),0)) | O9: =IF(OR(AA9,AND(UPPER(TRIM(I9&""))="N/A",L9="Yes"),AND(UPPER(TRIM(I9&""))="NOT TESTED",M9="Yes")),0,IF(OR(OR(AND(UPPER(TRIM(I9&""))="N/A",L9<>"Yes"),AND(UPPER(TRIM(I9&""))="NOT TESTED",M9<>"Yes"),AND(NOT(I9=""),NOT(UPPER(TRIM(I9&""))="N/A"),NOT(UPPER(TRIM(I9&""))="NOT TESTED"),NOT(AND(ISNUMBER(IFERROR(VALUE(I9&""),"")),OR(IFERROR(VALUE(I9&""),"")=0,IFERROR(VALUE(I9&""),"")=1,IFERROR(VALUE(I9&""),"")=2,IFERROR(VALUE(I9&""),"")=3))))),AND(ISNUMBER(IFERROR(VALUE(I9&""),"")),OR(IFERROR(VALUE(I9&""),"")=0,IFERROR(VALUE(I9&""),"")=1,IFERROR(VALUE(I9&""),"")=2,IFERROR(VALUE(I9&""),"")=3))),3*IF(D9="Must",2,1),0)) | P9: =IF(OR(AA9,NOT(AND(D9="Must",ISNUMBER(X9),X9=0))),0,1) | Q9: =IF(OR(AA9,NOT(AND(D9="Must",ISNUMBER(X9),X9=1))),0,1) | R9: =IF(AND(NOT(AA9),D9="Must",I9=""),1,0) | S9: =IF(AND(NOT(AA9),UPPER(TRIM(I9&""))="N/A",L9<>"Yes"),1,0) | T9: =IF(AND(NOT(AA9),UPPER(TRIM(I9&""))="NOT TESTED",M9<>"Yes"),1,0) | U9: =IF(OR(AA9,NOT(AND(D9="Should",ISNUMBER(X9),X9=0))),0,1) | V9: =IF(OR(AA9,NOT(AND(D9="Should",ISNUMBER(X9),X9=1))),0,1) | W9: =IF(OR(I9="",AA9),0,1) | X9: =IF(I9="","",IF(UPPER(TRIM(I9&""))="N/A","N/A",IF(UPPER(TRIM(I9&""))="NOT TESTED","NT",IF(AND(ISNUMBER(IFERROR(VALUE(I9&""),"")),OR(IFERROR(VALUE(I9&""),"")=0,IFERROR(VALUE(I9&""),"")=1,IFERROR(VALUE(I9&""),"")=2,IFERROR(VALUE(I9&""),"")=3)),IFERROR(VALUE(I9&""),""),"BAD")))) | Y9: =IF(OR(AA9,NOT(OR(AND(D9="Must",I9="",SUM($W$6:$W$47)>0),AND(ISNUMBER(X9),X9<2),AND(UPPER(TRIM(I9&""))="N/A",L9<>"Yes"),AND(UPPER(TRIM(I9&""))="NOT TESTED",M9<>"Yes"),AND(NOT(I9=""),NOT(UPPER(TRIM(I9&""))="N/A"),NOT(UPPER(TRIM(I9&""))="NOT TESTED"),NOT(AND(ISNUMBER(IFERROR(VALUE(I9&""),"")),OR(IFERROR(VALUE(I9&""),"")=0,IFERROR(VALUE(I9&""),"")=1,IFERROR(VALUE(I9&""),"")=2,IFERROR(VALUE(I9&""),"")=3))))))),0,1) | Z9: =IF(Y9=1,COUNTIF($Y$6:Y9,1),0) | AA9: =OR(AND(LEFT(A9,1)="O",EngagementType<>"Overall opinion"),AND(A9="G3",StandardsEra="Before 9 January 2025"),AND(A9="E2",OR(INDEX($I$6:$I$47,MATCH("E1",$A$6:$A$47,0))=0,INDEX($I$6:$I$47,MATCH("E1",$A$6:$A$47,0))="0")),AND(A9="B2",UPPER(TRIM(INDEX($I$6:$I$47,MATCH("B1",$A$6:$A$47,0))&""))="N/A"),AND(OR(A9="D1",A9="D2",A9="D3",A9="D4",A9="D5"),UPPER(TRIM(INDEX($I$6:$I$47,MATCH("C1",$A$6:$A$47,0))&""))="N/A")) | AB9: 13.4;14.2 | AC9: =IF(AND(NOT(AA9),AND(NOT(I9=""),NOT(UPPER(TRIM(I9&""))="N/A"),NOT(UPPER(TRIM(I9&""))="NOT TESTED"),NOT(AND(ISNUMBER(IFERROR(VALUE(I9&""),"")),OR(IFERROR(VALUE(I9&""),"")=0,IFERROR(VALUE(I9&""),"")=1,IFERROR(VALUE(I9&""),"")=2,IFERROR(VALUE(I9&""),"")=3))))),1,0)
A10: B2 | B10: Criteria | C10: Findings | D10: Must | E10: Criteria are adequate | F10: The criteria are relevant, aligned to the objectives of the activity, and able to support a reliable comparison. Another competent auditor could apply them. Use N/A when B1 is N/A. | G10: ="13.4 "&INDEX('6. Standards'!$B$5:$B$21,MATCH("13.4",'6. Standards'!$A$5:$A$21,0))&" — "&INDEX('6. Standards'!$C$5:$C$21,MATCH("13.4",'6. Standards'!$A$5:$A$21,0)) | H10: =IF(UPPER(TRIM(INDEX($I$6:$I$47,MATCH("B1",$A$6:$A$47,0))&""))="N/A","Off. "&INDEX($A$6:$A$47,MATCH("B1",$A$6:$A$47,0))&" is N/A, so this line is not scored.","On. Use N/A only when "&INDEX($A$6:$A$47,MATCH("B1",$A$6:$A$47,0))&" is N/A. "&INDEX($A$6:$A$47,MATCH("B1",$A$6:$A$47,0))&" is "&IF(INDEX($I$6:$I$47,MATCH("B1",$A$6:$A$47,0))="","blank",INDEX($I$6:$I$47,MATCH("B1",$A$6:$A$47,0)))&".")&IF(COUNTA('4. Findings'!A8:A27)=0,""," Findings sheet, criteria: "&COUNTIF('4. Findings'!C$8:C$27,"Y")&" Y, "&COUNTIF('4. Findings'!C$8:C$27,"P")&" P, "&COUNTIF('4. Findings'!C$8:C$27,"N")&" N.") | L10: Yes | M10: No | N10: =IF(OR(OR(AA10,AND(UPPER(TRIM(I10&""))="N/A",L10="Yes"),AND(UPPER(TRIM(I10&""))="NOT TESTED",M10="Yes")),OR(AND(UPPER(TRIM(I10&""))="N/A",L10<>"Yes"),AND(UPPER(TRIM(I10&""))="NOT TESTED",M10<>"Yes"),AND(NOT(I10=""),NOT(UPPER(TRIM(I10&""))="N/A"),NOT(UPPER(TRIM(I10&""))="NOT TESTED"),NOT(AND(ISNUMBER(IFERROR(VALUE(I10&""),"")),OR(IFERROR(VALUE(I10&""),"")=0,IFERROR(VALUE(I10&""),"")=1,IFERROR(VALUE(I10&""),"")=2,IFERROR(VALUE(I10&""),"")=3)))))),0,IF(AND(ISNUMBER(IFERROR(VALUE(I10&""),"")),OR(IFERROR(VALUE(I10&""),"")=0,IFERROR(VALUE(I10&""),"")=1,IFERROR(VALUE(I10&""),"")=2,IFERROR(VALUE(I10&""),"")=3)),IFERROR(VALUE(I10&""),"")*IF(D10="Must",2,1),0)) | O10: =IF(OR(AA10,AND(UPPER(TRIM(I10&""))="N/A",L10="Yes"),AND(UPPER(TRIM(I10&""))="NOT TESTED",M10="Yes")),0,IF(OR(OR(AND(UPPER(TRIM(I10&""))="N/A",L10<>"Yes"),AND(UPPER(TRIM(I10&""))="NOT TESTED",M10<>"Yes"),AND(NOT(I10=""),NOT(UPPER(TRIM(I10&""))="N/A"),NOT(UPPER(TRIM(I10&""))="NOT TESTED"),NOT(AND(ISNUMBER(IFERROR(VALUE(I10&""),"")),OR(IFERROR(VALUE(I10&""),"")=0,IFERROR(VALUE(I10&""),"")=1,IFERROR(VALUE(I10&""),"")=2,IFERROR(VALUE(I10&""),"")=3))))),AND(ISNUMBER(IFERROR(VALUE(I10&""),"")),OR(IFERROR(VALUE(I10&""),"")=0,IFERROR(VALUE(I10&""),"")=1,IFERROR(VALUE(I10&""),"")=2,IFERROR(VALUE(I10&""),"")=3))),3*IF(D10="Must",2,1),0)) | P10: =IF(OR(AA10,NOT(AND(D10="Must",ISNUMBER(X10),X10=0))),0,1) | Q10: =IF(OR(AA10,NOT(AND(D10="Must",ISNUMBER(X10),X10=1))),0,1) | R10: =IF(AND(NOT(AA10),D10="Must",I10=""),1,0) | S10: =IF(AND(NOT(AA10),UPPER(TRIM(I10&""))="N/A",L10<>"Yes"),1,0) | T10: =IF(AND(NOT(AA10),UPPER(TRIM(I10&""))="NOT TESTED",M10<>"Yes"),1,0) | U10: =IF(OR(AA10,NOT(AND(D10="Should",ISNUMBER(X10),X10=0))),0,1) | V10: =IF(OR(AA10,NOT(AND(D10="Should",ISNUMBER(X10),X10=1))),0,1) | W10: =IF(OR(I10="",AA10),0,1) | X10: =IF(I10="","",IF(UPPER(TRIM(I10&""))="N/A","N/A",IF(UPPER(TRIM(I10&""))="NOT TESTED","NT",IF(AND(ISNUMBER(IFERROR(VALUE(I10&""),"")),OR(IFERROR(VALUE(I10&""),"")=0,IFERROR(VALUE(I10&""),"")=1,IFERROR(VALUE(I10&""),"")=2,IFERROR(VALUE(I10&""),"")=3)),IFERROR(VALUE(I10&""),""),"BAD")))) | Y10: =IF(OR(AA10,NOT(OR(AND(D10="Must",I10="",SUM($W$6:$W$47)>0),AND(ISNUMBER(X10),X10<2),AND(UPPER(TRIM(I10&""))="N/A",L10<>"Yes"),AND(UPPER(TRIM(I10&""))="NOT TESTED",M10<>"Yes"),AND(NOT(I10=""),NOT(UPPER(TRIM(I10&""))="N/A"),NOT(UPPER(TRIM(I10&""))="NOT TESTED"),NOT(AND(ISNUMBER(IFERROR(VALUE(I10&""),"")),OR(IFERROR(VALUE(I10&""),"")=0,IFERROR(VALUE(I10&""),"")=1,IFERROR(VALUE(I10&""),"")=2,IFERROR(VALUE(I10&""),"")=3))))))),0,1) | Z10: =IF(Y10=1,COUNTIF($Y$6:Y10,1),0) | AA10: =OR(AND(LEFT(A10,1)="O",EngagementType<>"Overall opinion"),AND(A10="G3",StandardsEra="Before 9 January 2025"),AND(A10="E2",OR(INDEX($I$6:$I$47,MATCH("E1",$A$6:$A$47,0))=0,INDEX($I$6:$I$47,MATCH("E1",$A$6:$A$47,0))="0")),AND(A10="B2",UPPER(TRIM(INDEX($I$6:$I$47,MATCH("B1",$A$6:$A$47,0))&""))="N/A"),AND(OR(A10="D1",A10="D2",A10="D3",A10="D4",A10="D5"),UPPER(TRIM(INDEX($I$6:$I$47,MATCH("C1",$A$6:$A$47,0))&""))="N/A")) | AB10: 13.4 | AC10: =IF(AND(NOT(AA10),AND(NOT(I10=""),NOT(UPPER(TRIM(I10&""))="N/A"),NOT(UPPER(TRIM(I10&""))="NOT TESTED"),NOT(AND(ISNUMBER(IFERROR(VALUE(I10&""),"")),OR(IFERROR(VALUE(I10&""),"")=0,IFERROR(VALUE(I10&""),"")=1,IFERROR(VALUE(I10&""),"")=2,IFERROR(VALUE(I10&""),"")=3))))),1,0)
A11: C1 | B11: Findings | C11: Findings | D11: Must | E11: Condition is set against the criteria | F11: Each finding states what is happening and how that differs from the criteria. Use N/A only when the engagement has no findings. In that case the conclusion must give the positive assurance required by Standard 14.2. | G11: ="14.2 "&INDEX('6. Standards'!$B$5:$B$21,MATCH("14.2",'6. Standards'!$A$5:$A$21,0))&" — "&INDEX('6. Standards'!$C$5:$C$21,MATCH("14.2",'6. Standards'!$A$5:$A$21,0)) | H11: ="No other line switches this off. Use N/A only when the engagement has no findings."&IF(COUNTA('4. Findings'!A8:A27)=0,""," Findings sheet, condition: "&COUNTIF('4. Findings'!D$8:D$27,"Y")&" Y, "&COUNTIF('4. Findings'!D$8:D$27,"P")&" P, "&COUNTIF('4. Findings'!D$8:D$27,"N")&" N.") | L11: Yes | M11: No | N11: =IF(OR(OR(AA11,AND(UPPER(TRIM(I11&""))="N/A",L11="Yes"),AND(UPPER(TRIM(I11&""))="NOT TESTED",M11="Yes")),OR(AND(UPPER(TRIM(I11&""))="N/A",L11<>"Yes"),AND(UPPER(TRIM(I11&""))="NOT TESTED",M11<>"Yes"),AND(NOT(I11=""),NOT(UPPER(TRIM(I11&""))="N/A"),NOT(UPPER(TRIM(I11&""))="NOT TESTED"),NOT(AND(ISNUMBER(IFERROR(VALUE(I11&""),"")),OR(IFERROR(VALUE(I11&""),"")=0,IFERROR(VALUE(I11&""),"")=1,IFERROR(VALUE(I11&""),"")=2,IFERROR(VALUE(I11&""),"")=3)))))),0,IF(AND(ISNUMBER(IFERROR(VALUE(I11&""),"")),OR(IFERROR(VALUE(I11&""),"")=0,IFERROR(VALUE(I11&""),"")=1,IFERROR(VALUE(I11&""),"")=2,IFERROR(VALUE(I11&""),"")=3)),IFERROR(VALUE(I11&""),"")*IF(D11="Must",2,1),0)) | O11: =IF(OR(AA11,AND(UPPER(TRIM(I11&""))="N/A",L11="Yes"),AND(UPPER(TRIM(I11&""))="NOT TESTED",M11="Yes")),0,IF(OR(OR(AND(UPPER(TRIM(I11&""))="N/A",L11<>"Yes"),AND(UPPER(TRIM(I11&""))="NOT TESTED",M11<>"Yes"),AND(NOT(I11=""),NOT(UPPER(TRIM(I11&""))="N/A"),NOT(UPPER(TRIM(I11&""))="NOT TESTED"),NOT(AND(ISNUMBER(IFERROR(VALUE(I11&""),"")),OR(IFERROR(VALUE(I11&""),"")=0,IFERROR(VALUE(I11&""),"")=1,IFERROR(VALUE(I11&""),"")=2,IFERROR(VALUE(I11&""),"")=3))))),AND(ISNUMBER(IFERROR(VALUE(I11&""),"")),OR(IFERROR(VALUE(I11&""),"")=0,IFERROR(VALUE(I11&""),"")=1,IFERROR(VALUE(I11&""),"")=2,IFERROR(VALUE(I11&""),"")=3))),3*IF(D11="Must",2,1),0)) | P11: =IF(OR(AA11,NOT(AND(D11="Must",ISNUMBER(X11),X11=0))),0,1) | Q11: =IF(OR(AA11,NOT(AND(D11="Must",ISNUMBER(X11),X11=1))),0,1) | R11: =IF(AND(NOT(AA11),D11="Must",I11=""),1,0) | S11: =IF(AND(NOT(AA11),UPPER(TRIM(I11&""))="N/A",L11<>"Yes"),1,0) | T11: =IF(AND(NOT(AA11),UPPER(TRIM(I11&""))="NOT TESTED",M11<>"Yes"),1,0) | U11: =IF(OR(AA11,NOT(AND(D11="Should",ISNUMBER(X11),X11=0))),0,1) | V11: =IF(OR(AA11,NOT(AND(D11="Should",ISNUMBER(X11),X11=1))),0,1) | W11: =IF(OR(I11="",AA11),0,1) | X11: =IF(I11="","",IF(UPPER(TRIM(I11&""))="N/A","N/A",IF(UPPER(TRIM(I11&""))="NOT TESTED","NT",IF(AND(ISNUMBER(IFERROR(VALUE(I11&""),"")),OR(IFERROR(VALUE(I11&""),"")=0,IFERROR(VALUE(I11&""),"")=1,IFERROR(VALUE(I11&""),"")=2,IFERROR(VALUE(I11&""),"")=3)),IFERROR(VALUE(I11&""),""),"BAD")))) | Y11: =IF(OR(AA11,NOT(OR(AND(D11="Must",I11="",SUM($W$6:$W$47)>0),AND(ISNUMBER(X11),X11<2),AND(UPPER(TRIM(I11&""))="N/A",L11<>"Yes"),AND(UPPER(TRIM(I11&""))="NOT TESTED",M11<>"Yes"),AND(NOT(I11=""),NOT(UPPER(TRIM(I11&""))="N/A"),NOT(UPPER(TRIM(I11&""))="NOT TESTED"),NOT(AND(ISNUMBER(IFERROR(VALUE(I11&""),"")),OR(IFERROR(VALUE(I11&""),"")=0,IFERROR(VALUE(I11&""),"")=1,IFERROR(VALUE(I11&""),"")=2,IFERROR(VALUE(I11&""),"")=3))))))),0,1) | Z11: =IF(Y11=1,COUNTIF($Y$6:Y11,1),0) | AA11: =OR(AND(LEFT(A11,1)="O",EngagementType<>"Overall opinion"),AND(A11="G3",StandardsEra="Before 9 January 2025"),AND(A11="E2",OR(INDEX($I$6:$I$47,MATCH("E1",$A$6:$A$47,0))=0,INDEX($I$6:$I$47,MATCH("E1",$A$6:$A$47,0))="0")),AND(A11="B2",UPPER(TRIM(INDEX($I$6:$I$47,MATCH("B1",$A$6:$A$47,0))&""))="N/A"),AND(OR(A11="D1",A11="D2",A11="D3",A11="D4",A11="D5"),UPPER(TRIM(INDEX($I$6:$I$47,MATCH("C1",$A$6:$A$47,0))&""))="N/A")) | AB11: 14.2 | AC11: =IF(AND(NOT(AA11),AND(NOT(I11=""),NOT(UPPER(TRIM(I11&""))="N/A"),NOT(UPPER(TRIM(I11&""))="NOT TESTED"),NOT(AND(ISNUMBER(IFERROR(VALUE(I11&""),"")),OR(IFERROR(VALUE(I11&""),"")=0,IFERROR(VALUE(I11&""),"")=1,IFERROR(VALUE(I11&""),"")=2,IFERROR(VALUE(I11&""),"")=3))))),1,0)
A12: C2 | B12: Findings | C12: Findings | D12: Must | E12: Root cause is identified when it can be | F12: The report gives the cause of the difference and, where it can be determined, the root cause. Saying the cause could not be determined, and why, scores 2. Restating the condition scores 1. Silence scores 1. Score 0 only when a significant finding asserts a cause that the evidence contradicts. | G12: ="14.3 "&INDEX('6. Standards'!$B$5:$B$21,MATCH("14.3",'6. Standards'!$A$5:$A$21,0))&" — "&INDEX('6. Standards'!$C$5:$C$21,MATCH("14.3",'6. Standards'!$A$5:$A$21,0)) | H12: ="No other line switches this off."&IF(COUNTA('4. Findings'!A8:A27)=0,""," Findings sheet, cause: "&COUNTIF('4. Findings'!E$8:E$27,"Y")&" Y, "&COUNTIF('4. Findings'!E$8:E$27,"P")&" P, "&COUNTIF('4. Findings'!E$8:E$27,"N")&" N.") | L12: No | M12: No | N12: =IF(OR(OR(AA12,AND(UPPER(TRIM(I12&""))="N/A",L12="Yes"),AND(UPPER(TRIM(I12&""))="NOT TESTED",M12="Yes")),OR(AND(UPPER(TRIM(I12&""))="N/A",L12<>"Yes"),AND(UPPER(TRIM(I12&""))="NOT TESTED",M12<>"Yes"),AND(NOT(I12=""),NOT(UPPER(TRIM(I12&""))="N/A"),NOT(UPPER(TRIM(I12&""))="NOT TESTED"),NOT(AND(ISNUMBER(IFERROR(VALUE(I12&""),"")),OR(IFERROR(VALUE(I12&""),"")=0,IFERROR(VALUE(I12&""),"")=1,IFERROR(VALUE(I12&""),"")=2,IFERROR(VALUE(I12&""),"")=3)))))),0,IF(AND(ISNUMBER(IFERROR(VALUE(I12&""),"")),OR(IFERROR(VALUE(I12&""),"")=0,IFERROR(VALUE(I12&""),"")=1,IFERROR(VALUE(I12&""),"")=2,IFERROR(VALUE(I12&""),"")=3)),IFERROR(VALUE(I12&""),"")*IF(D12="Must",2,1),0)) | O12: =IF(OR(AA12,AND(UPPER(TRIM(I12&""))="N/A",L12="Yes"),AND(UPPER(TRIM(I12&""))="NOT TESTED",M12="Yes")),0,IF(OR(OR(AND(UPPER(TRIM(I12&""))="N/A",L12<>"Yes"),AND(UPPER(TRIM(I12&""))="NOT TESTED",M12<>"Yes"),AND(NOT(I12=""),NOT(UPPER(TRIM(I12&""))="N/A"),NOT(UPPER(TRIM(I12&""))="NOT TESTED"),NOT(AND(ISNUMBER(IFERROR(VALUE(I12&""),"")),OR(IFERROR(VALUE(I12&""),"")=0,IFERROR(VALUE(I12&""),"")=1,IFERROR(VALUE(I12&""),"")=2,IFERROR(VALUE(I12&""),"")=3))))),AND(ISNUMBER(IFERROR(VALUE(I12&""),"")),OR(IFERROR(VALUE(I12&""),"")=0,IFERROR(VALUE(I12&""),"")=1,IFERROR(VALUE(I12&""),"")=2,IFERROR(VALUE(I12&""),"")=3))),3*IF(D12="Must",2,1),0)) | P12: =IF(OR(AA12,NOT(AND(D12="Must",ISNUMBER(X12),X12=0))),0,1) | Q12: =IF(OR(AA12,NOT(AND(D12="Must",ISNUMBER(X12),X12=1))),0,1) | R12: =IF(AND(NOT(AA12),D12="Must",I12=""),1,0) | S12: =IF(AND(NOT(AA12),UPPER(TRIM(I12&""))="N/A",L12<>"Yes"),1,0) | T12: =IF(AND(NOT(AA12),UPPER(TRIM(I12&""))="NOT TESTED",M12<>"Yes"),1,0) | U12: =IF(OR(AA12,NOT(AND(D12="Should",ISNUMBER(X12),X12=0))),0,1) | V12: =IF(OR(AA12,NOT(AND(D12="Should",ISNUMBER(X12),X12=1))),0,1) | W12: =IF(OR(I12="",AA12),0,1) | X12: =IF(I12="","",IF(UPPER(TRIM(I12&""))="N/A","N/A",IF(UPPER(TRIM(I12&""))="NOT TESTED","NT",IF(AND(ISNUMBER(IFERROR(VALUE(I12&""),"")),OR(IFERROR(VALUE(I12&""),"")=0,IFERROR(VALUE(I12&""),"")=1,IFERROR(VALUE(I12&""),"")=2,IFERROR(VALUE(I12&""),"")=3)),IFERROR(VALUE(I12&""),""),"BAD")))) | Y12: =IF(OR(AA12,NOT(OR(AND(D12="Must",I12="",SUM($W$6:$W$47)>0),AND(ISNUMBER(X12),X12<2),AND(UPPER(TRIM(I12&""))="N/A",L12<>"Yes"),AND(UPPER(TRIM(I12&""))="NOT TESTED",M12<>"Yes"),AND(NOT(I12=""),NOT(UPPER(TRIM(I12&""))="N/A"),NOT(UPPER(TRIM(I12&""))="NOT TESTED"),NOT(AND(ISNUMBER(IFERROR(VALUE(I12&""),"")),OR(IFERROR(VALUE(I12&""),"")=0,IFERROR(VALUE(I12&""),"")=1,IFERROR(VALUE(I12&""),"")=2,IFERROR(VALUE(I12&""),"")=3))))))),0,1) | Z12: =IF(Y12=1,COUNTIF($Y$6:Y12,1),0) | AA12: =OR(AND(LEFT(A12,1)="O",EngagementType<>"Overall opinion"),AND(A12="G3",StandardsEra="Before 9 January 2025"),AND(A12="E2",OR(INDEX($I$6:$I$47,MATCH("E1",$A$6:$A$47,0))=0,INDEX($I$6:$I$47,MATCH("E1",$A$6:$A$47,0))="0")),AND(A12="B2",UPPER(TRIM(INDEX($I$6:$I$47,MATCH("B1",$A$6:$A$47,0))&""))="N/A"),AND(OR(A12="D1",A12="D2",A12="D3",A12="D4",A12="D5"),UPPER(TRIM(INDEX($I$6:$I$47,MATCH("C1",$A$6:$A$47,0))&""))="N/A")) | AB12: 14.3 | AC12: =IF(AND(NOT(AA12),AND(NOT(I12=""),NOT(UPPER(TRIM(I12&""))="N/A"),NOT(UPPER(TRIM(I12&""))="NOT TESTED"),NOT(AND(ISNUMBER(IFERROR(VALUE(I12&""),"")),OR(IFERROR(VALUE(I12&""),"")=0,IFERROR(VALUE(I12&""),"")=1,IFERROR(VALUE(I12&""),"")=2,IFERROR(VALUE(I12&""),"")=3))))),1,0)
A13: C3 | B13: Findings | C13: Findings | D13: Must | E13: Effect is evaluated | F13: The report states the effect, including the impact and, where it changes the rating, the likelihood, on governance, risk management, or control. A generic line such as “financial loss” or “business interruption,” with no link to the finding, scores 1. | G13: ="14.3 "&INDEX('6. Standards'!$B$5:$B$21,MATCH("14.3",'6. Standards'!$A$5:$A$21,0))&" — "&INDEX('6. Standards'!$C$5:$C$21,MATCH("14.3",'6. Standards'!$A$5:$A$21,0)) | H13: ="No other line switches this off."&IF(COUNTA('4. Findings'!A8:A27)=0,""," Findings sheet, effect: "&COUNTIF('4. Findings'!F$8:F$27,"Y")&" Y, "&COUNTIF('4. Findings'!F$8:F$27,"P")&" P, "&COUNTIF('4. Findings'!F$8:F$27,"N")&" N.") | L13: No | M13: No | N13: =IF(OR(OR(AA13,AND(UPPER(TRIM(I13&""))="N/A",L13="Yes"),AND(UPPER(TRIM(I13&""))="NOT TESTED",M13="Yes")),OR(AND(UPPER(TRIM(I13&""))="N/A",L13<>"Yes"),AND(UPPER(TRIM(I13&""))="NOT TESTED",M13<>"Yes"),AND(NOT(I13=""),NOT(UPPER(TRIM(I13&""))="N/A"),NOT(UPPER(TRIM(I13&""))="NOT TESTED"),NOT(AND(ISNUMBER(IFERROR(VALUE(I13&""),"")),OR(IFERROR(VALUE(I13&""),"")=0,IFERROR(VALUE(I13&""),"")=1,IFERROR(VALUE(I13&""),"")=2,IFERROR(VALUE(I13&""),"")=3)))))),0,IF(AND(ISNUMBER(IFERROR(VALUE(I13&""),"")),OR(IFERROR(VALUE(I13&""),"")=0,IFERROR(VALUE(I13&""),"")=1,IFERROR(VALUE(I13&""),"")=2,IFERROR(VALUE(I13&""),"")=3)),IFERROR(VALUE(I13&""),"")*IF(D13="Must",2,1),0)) | O13: =IF(OR(AA13,AND(UPPER(TRIM(I13&""))="N/A",L13="Yes"),AND(UPPER(TRIM(I13&""))="NOT TESTED",M13="Yes")),0,IF(OR(OR(AND(UPPER(TRIM(I13&""))="N/A",L13<>"Yes"),AND(UPPER(TRIM(I13&""))="NOT TESTED",M13<>"Yes"),AND(NOT(I13=""),NOT(UPPER(TRIM(I13&""))="N/A"),NOT(UPPER(TRIM(I13&""))="NOT TESTED"),NOT(AND(ISNUMBER(IFERROR(VALUE(I13&""),"")),OR(IFERROR(VALUE(I13&""),"")=0,IFERROR(VALUE(I13&""),"")=1,IFERROR(VALUE(I13&""),"")=2,IFERROR(VALUE(I13&""),"")=3))))),AND(ISNUMBER(IFERROR(VALUE(I13&""),"")),OR(IFERROR(VALUE(I13&""),"")=0,IFERROR(VALUE(I13&""),"")=1,IFERROR(VALUE(I13&""),"")=2,IFERROR(VALUE(I13&""),"")=3))),3*IF(D13="Must",2,1),0)) | P13: =IF(OR(AA13,NOT(AND(D13="Must",ISNUMBER(X13),X13=0))),0,1) | Q13: =IF(OR(AA13,NOT(AND(D13="Must",ISNUMBER(X13),X13=1))),0,1) | R13: =IF(AND(NOT(AA13),D13="Must",I13=""),1,0) | S13: =IF(AND(NOT(AA13),UPPER(TRIM(I13&""))="N/A",L13<>"Yes"),1,0) | T13: =IF(AND(NOT(AA13),UPPER(TRIM(I13&""))="NOT TESTED",M13<>"Yes"),1,0) | U13: =IF(OR(AA13,NOT(AND(D13="Should",ISNUMBER(X13),X13=0))),0,1) | V13: =IF(OR(AA13,NOT(AND(D13="Should",ISNUMBER(X13),X13=1))),0,1) | W13: =IF(OR(I13="",AA13),0,1) | X13: =IF(I13="","",IF(UPPER(TRIM(I13&""))="N/A","N/A",IF(UPPER(TRIM(I13&""))="NOT TESTED","NT",IF(AND(ISNUMBER(IFERROR(VALUE(I13&""),"")),OR(IFERROR(VALUE(I13&""),"")=0,IFERROR(VALUE(I13&""),"")=1,IFERROR(VALUE(I13&""),"")=2,IFERROR(VALUE(I13&""),"")=3)),IFERROR(VALUE(I13&""),""),"BAD")))) | Y13: =IF(OR(AA13,NOT(OR(AND(D13="Must",I13="",SUM($W$6:$W$47)>0),AND(ISNUMBER(X13),X13<2),AND(UPPER(TRIM(I13&""))="N/A",L13<>"Yes"),AND(UPPER(TRIM(I13&""))="NOT TESTED",M13<>"Yes"),AND(NOT(I13=""),NOT(UPPER(TRIM(I13&""))="N/A"),NOT(UPPER(TRIM(I13&""))="NOT TESTED"),NOT(AND(ISNUMBER(IFERROR(VALUE(I13&""),"")),OR(IFERROR(VALUE(I13&""),"")=0,IFERROR(VALUE(I13&""),"")=1,IFERROR(VALUE(I13&""),"")=2,IFERROR(VALUE(I13&""),"")=3))))))),0,1) | Z13: =IF(Y13=1,COUNTIF($Y$6:Y13,1),0) | AA13: =OR(AND(LEFT(A13,1)="O",EngagementType<>"Overall opinion"),AND(A13="G3",StandardsEra="Before 9 January 2025"),AND(A13="E2",OR(INDEX($I$6:$I$47,MATCH("E1",$A$6:$A$47,0))=0,INDEX($I$6:$I$47,MATCH("E1",$A$6:$A$47,0))="0")),AND(A13="B2",UPPER(TRIM(INDEX($I$6:$I$47,MATCH("B1",$A$6:$A$47,0))&""))="N/A"),AND(OR(A13="D1",A13="D2",A13="D3",A13="D4",A13="D5"),UPPER(TRIM(INDEX($I$6:$I$47,MATCH("C1",$A$6:$A$47,0))&""))="N/A")) | AB13: 14.3 | AC13: =IF(AND(NOT(AA13),AND(NOT(I13=""),NOT(UPPER(TRIM(I13&""))="N/A"),NOT(UPPER(TRIM(I13&""))="NOT TESTED"),NOT(AND(ISNUMBER(IFERROR(VALUE(I13&""),"")),OR(IFERROR(VALUE(I13&""),"")=0,IFERROR(VALUE(I13&""),"")=1,IFERROR(VALUE(I13&""),"")=2,IFERROR(VALUE(I13&""),"")=3))))),1,0)
A14: C4 | B14: Findings | C14: Findings | D14: Must | E14: Findings are prioritised | F14: Every finding has a significance or priority, using the function’s scale, and the scale is defined or referenced. Labels with no meaning score 1. No priority scores 0. Use N/A for an advisory engagement that did not undertake to prioritise findings. | G14: ="14.3 "&INDEX('6. Standards'!$B$5:$B$21,MATCH("14.3",'6. Standards'!$A$5:$A$21,0))&" — "&INDEX('6. Standards'!$C$5:$C$21,MATCH("14.3",'6. Standards'!$A$5:$A$21,0))&CHAR(10)&"15.1 "&INDEX('6. Standards'!$B$5:$B$21,MATCH("15.1",'6. Standards'!$A$5:$A$21,0))&" — "&INDEX('6. Standards'!$C$5:$C$21,MATCH("15.1",'6. Standards'!$A$5:$A$21,0)) | H14: ="No other line switches this off."&IF(COUNTA('4. Findings'!A8:A27)=0,""," Findings sheet, priority: "&COUNTIF('4. Findings'!G$8:G$27,"Y")&" Y, "&COUNTIF('4. Findings'!G$8:G$27,"P")&" P, "&COUNTIF('4. Findings'!G$8:G$27,"N")&" N.") | L14: Yes | M14: No | N14: =IF(OR(OR(AA14,AND(UPPER(TRIM(I14&""))="N/A",L14="Yes"),AND(UPPER(TRIM(I14&""))="NOT TESTED",M14="Yes")),OR(AND(UPPER(TRIM(I14&""))="N/A",L14<>"Yes"),AND(UPPER(TRIM(I14&""))="NOT TESTED",M14<>"Yes"),AND(NOT(I14=""),NOT(UPPER(TRIM(I14&""))="N/A"),NOT(UPPER(TRIM(I14&""))="NOT TESTED"),NOT(AND(ISNUMBER(IFERROR(VALUE(I14&""),"")),OR(IFERROR(VALUE(I14&""),"")=0,IFERROR(VALUE(I14&""),"")=1,IFERROR(VALUE(I14&""),"")=2,IFERROR(VALUE(I14&""),"")=3)))))),0,IF(AND(ISNUMBER(IFERROR(VALUE(I14&""),"")),OR(IFERROR(VALUE(I14&""),"")=0,IFERROR(VALUE(I14&""),"")=1,IFERROR(VALUE(I14&""),"")=2,IFERROR(VALUE(I14&""),"")=3)),IFERROR(VALUE(I14&""),"")*IF(D14="Must",2,1),0)) | O14: =IF(OR(AA14,AND(UPPER(TRIM(I14&""))="N/A",L14="Yes"),AND(UPPER(TRIM(I14&""))="NOT TESTED",M14="Yes")),0,IF(OR(OR(AND(UPPER(TRIM(I14&""))="N/A",L14<>"Yes"),AND(UPPER(TRIM(I14&""))="NOT TESTED",M14<>"Yes"),AND(NOT(I14=""),NOT(UPPER(TRIM(I14&""))="N/A"),NOT(UPPER(TRIM(I14&""))="NOT TESTED"),NOT(AND(ISNUMBER(IFERROR(VALUE(I14&""),"")),OR(IFERROR(VALUE(I14&""),"")=0,IFERROR(VALUE(I14&""),"")=1,IFERROR(VALUE(I14&""),"")=2,IFERROR(VALUE(I14&""),"")=3))))),AND(ISNUMBER(IFERROR(VALUE(I14&""),"")),OR(IFERROR(VALUE(I14&""),"")=0,IFERROR(VALUE(I14&""),"")=1,IFERROR(VALUE(I14&""),"")=2,IFERROR(VALUE(I14&""),"")=3))),3*IF(D14="Must",2,1),0)) | P14: =IF(OR(AA14,NOT(AND(D14="Must",ISNUMBER(X14),X14=0))),0,1) | Q14: =IF(OR(AA14,NOT(AND(D14="Must",ISNUMBER(X14),X14=1))),0,1) | R14: =IF(AND(NOT(AA14),D14="Must",I14=""),1,0) | S14: =IF(AND(NOT(AA14),UPPER(TRIM(I14&""))="N/A",L14<>"Yes"),1,0) | T14: =IF(AND(NOT(AA14),UPPER(TRIM(I14&""))="NOT TESTED",M14<>"Yes"),1,0) | U14: =IF(OR(AA14,NOT(AND(D14="Should",ISNUMBER(X14),X14=0))),0,1) | V14: =IF(OR(AA14,NOT(AND(D14="Should",ISNUMBER(X14),X14=1))),0,1) | W14: =IF(OR(I14="",AA14),0,1) | X14: =IF(I14="","",IF(UPPER(TRIM(I14&""))="N/A","N/A",IF(UPPER(TRIM(I14&""))="NOT TESTED","NT",IF(AND(ISNUMBER(IFERROR(VALUE(I14&""),"")),OR(IFERROR(VALUE(I14&""),"")=0,IFERROR(VALUE(I14&""),"")=1,IFERROR(VALUE(I14&""),"")=2,IFERROR(VALUE(I14&""),"")=3)),IFERROR(VALUE(I14&""),""),"BAD")))) | Y14: =IF(OR(AA14,NOT(OR(AND(D14="Must",I14="",SUM($W$6:$W$47)>0),AND(ISNUMBER(X14),X14<2),AND(UPPER(TRIM(I14&""))="N/A",L14<>"Yes"),AND(UPPER(TRIM(I14&""))="NOT TESTED",M14<>"Yes"),AND(NOT(I14=""),NOT(UPPER(TRIM(I14&""))="N/A"),NOT(UPPER(TRIM(I14&""))="NOT TESTED"),NOT(AND(ISNUMBER(IFERROR(VALUE(I14&""),"")),OR(IFERROR(VALUE(I14&""),"")=0,IFERROR(VALUE(I14&""),"")=1,IFERROR(VALUE(I14&""),"")=2,IFERROR(VALUE(I14&""),"")=3))))))),0,1) | Z14: =IF(Y14=1,COUNTIF($Y$6:Y14,1),0) | AA14: =OR(AND(LEFT(A14,1)="O",EngagementType<>"Overall opinion"),AND(A14="G3",StandardsEra="Before 9 January 2025"),AND(A14="E2",OR(INDEX($I$6:$I$47,MATCH("E1",$A$6:$A$47,0))=0,INDEX($I$6:$I$47,MATCH("E1",$A$6:$A$47,0))="0")),AND(A14="B2",UPPER(TRIM(INDEX($I$6:$I$47,MATCH("B1",$A$6:$A$47,0))&""))="N/A"),AND(OR(A14="D1",A14="D2",A14="D3",A14="D4",A14="D5"),UPPER(TRIM(INDEX($I$6:$I$47,MATCH("C1",$A$6:$A$47,0))&""))="N/A")) | AB14: 14.3;15.1 | AC14: =IF(AND(NOT(AA14),AND(NOT(I14=""),NOT(UPPER(TRIM(I14&""))="N/A"),NOT(UPPER(TRIM(I14&""))="NOT TESTED"),NOT(AND(ISNUMBER(IFERROR(VALUE(I14&""),"")),OR(IFERROR(VALUE(I14&""),"")=0,IFERROR(VALUE(I14&""),"")=1,IFERROR(VALUE(I14&""),"")=2,IFERROR(VALUE(I14&""),"")=3))))),1,0)
A15: C5 | B15: Findings | C15: Findings | D15: Must | E15: The basis of the finding is in the report | F15: A reader can see relevant, reliable, and sufficient evidence: what was tested, the population or sample, and the result. Redacted names or amounts do not fail this line when the test and the result remain readable. | G15: ="14.1 "&INDEX('6. Standards'!$B$5:$B$21,MATCH("14.1",'6. Standards'!$A$5:$A$21,0))&" — "&INDEX('6. Standards'!$C$5:$C$21,MATCH("14.1",'6. Standards'!$A$5:$A$21,0))&CHAR(10)&"11.2 "&INDEX('6. Standards'!$B$5:$B$21,MATCH("11.2",'6. Standards'!$A$5:$A$21,0))&" — "&INDEX('6. Standards'!$C$5:$C$21,MATCH("11.2",'6. Standards'!$A$5:$A$21,0)) | H15: ="No other line switches this off."&IF(COUNTA('4. Findings'!A8:A27)=0,""," Findings sheet, evidence: "&COUNTIF('4. Findings'!H$8:H$27,"Y")&" Y, "&COUNTIF('4. Findings'!H$8:H$27,"P")&" P, "&COUNTIF('4. Findings'!H$8:H$27,"N")&" N.") | L15: No | M15: No | N15: =IF(OR(OR(AA15,AND(UPPER(TRIM(I15&""))="N/A",L15="Yes"),AND(UPPER(TRIM(I15&""))="NOT TESTED",M15="Yes")),OR(AND(UPPER(TRIM(I15&""))="N/A",L15<>"Yes"),AND(UPPER(TRIM(I15&""))="NOT TESTED",M15<>"Yes"),AND(NOT(I15=""),NOT(UPPER(TRIM(I15&""))="N/A"),NOT(UPPER(TRIM(I15&""))="NOT TESTED"),NOT(AND(ISNUMBER(IFERROR(VALUE(I15&""),"")),OR(IFERROR(VALUE(I15&""),"")=0,IFERROR(VALUE(I15&""),"")=1,IFERROR(VALUE(I15&""),"")=2,IFERROR(VALUE(I15&""),"")=3)))))),0,IF(AND(ISNUMBER(IFERROR(VALUE(I15&""),"")),OR(IFERROR(VALUE(I15&""),"")=0,IFERROR(VALUE(I15&""),"")=1,IFERROR(VALUE(I15&""),"")=2,IFERROR(VALUE(I15&""),"")=3)),IFERROR(VALUE(I15&""),"")*IF(D15="Must",2,1),0)) | O15: =IF(OR(AA15,AND(UPPER(TRIM(I15&""))="N/A",L15="Yes"),AND(UPPER(TRIM(I15&""))="NOT TESTED",M15="Yes")),0,IF(OR(OR(AND(UPPER(TRIM(I15&""))="N/A",L15<>"Yes"),AND(UPPER(TRIM(I15&""))="NOT TESTED",M15<>"Yes"),AND(NOT(I15=""),NOT(UPPER(TRIM(I15&""))="N/A"),NOT(UPPER(TRIM(I15&""))="NOT TESTED"),NOT(AND(ISNUMBER(IFERROR(VALUE(I15&""),"")),OR(IFERROR(VALUE(I15&""),"")=0,IFERROR(VALUE(I15&""),"")=1,IFERROR(VALUE(I15&""),"")=2,IFERROR(VALUE(I15&""),"")=3))))),AND(ISNUMBER(IFERROR(VALUE(I15&""),"")),OR(IFERROR(VALUE(I15&""),"")=0,IFERROR(VALUE(I15&""),"")=1,IFERROR(VALUE(I15&""),"")=2,IFERROR(VALUE(I15&""),"")=3))),3*IF(D15="Must",2,1),0)) | P15: =IF(OR(AA15,NOT(AND(D15="Must",ISNUMBER(X15),X15=0))),0,1) | Q15: =IF(OR(AA15,NOT(AND(D15="Must",ISNUMBER(X15),X15=1))),0,1) | R15: =IF(AND(NOT(AA15),D15="Must",I15=""),1,0) | S15: =IF(AND(NOT(AA15),UPPER(TRIM(I15&""))="N/A",L15<>"Yes"),1,0) | T15: =IF(AND(NOT(AA15),UPPER(TRIM(I15&""))="NOT TESTED",M15<>"Yes"),1,0) | U15: =IF(OR(AA15,NOT(AND(D15="Should",ISNUMBER(X15),X15=0))),0,1) | V15: =IF(OR(AA15,NOT(AND(D15="Should",ISNUMBER(X15),X15=1))),0,1) | W15: =IF(OR(I15="",AA15),0,1) | X15: =IF(I15="","",IF(UPPER(TRIM(I15&""))="N/A","N/A",IF(UPPER(TRIM(I15&""))="NOT TESTED","NT",IF(AND(ISNUMBER(IFERROR(VALUE(I15&""),"")),OR(IFERROR(VALUE(I15&""),"")=0,IFERROR(VALUE(I15&""),"")=1,IFERROR(VALUE(I15&""),"")=2,IFERROR(VALUE(I15&""),"")=3)),IFERROR(VALUE(I15&""),""),"BAD")))) | Y15: =IF(OR(AA15,NOT(OR(AND(D15="Must",I15="",SUM($W$6:$W$47)>0),AND(ISNUMBER(X15),X15<2),AND(UPPER(TRIM(I15&""))="N/A",L15<>"Yes"),AND(UPPER(TRIM(I15&""))="NOT TESTED",M15<>"Yes"),AND(NOT(I15=""),NOT(UPPER(TRIM(I15&""))="N/A"),NOT(UPPER(TRIM(I15&""))="NOT TESTED"),NOT(AND(ISNUMBER(IFERROR(VALUE(I15&""),"")),OR(IFERROR(VALUE(I15&""),"")=0,IFERROR(VALUE(I15&""),"")=1,IFERROR(VALUE(I15&""),"")=2,IFERROR(VALUE(I15&""),"")=3))))))),0,1) | Z15: =IF(Y15=1,COUNTIF($Y$6:Y15,1),0) | AA15: =OR(AND(LEFT(A15,1)="O",EngagementType<>"Overall opinion"),AND(A15="G3",StandardsEra="Before 9 January 2025"),AND(A15="E2",OR(INDEX($I$6:$I$47,MATCH("E1",$A$6:$A$47,0))=0,INDEX($I$6:$I$47,MATCH("E1",$A$6:$A$47,0))="0")),AND(A15="B2",UPPER(TRIM(INDEX($I$6:$I$47,MATCH("B1",$A$6:$A$47,0))&""))="N/A"),AND(OR(A15="D1",A15="D2",A15="D3",A15="D4",A15="D5"),UPPER(TRIM(INDEX($I$6:$I$47,MATCH("C1",$A$6:$A$47,0))&""))="N/A")) | AB15: 14.1;11.2 | AC15: =IF(AND(NOT(AA15),AND(NOT(I15=""),NOT(UPPER(TRIM(I15&""))="N/A"),NOT(UPPER(TRIM(I15&""))="NOT TESTED"),NOT(AND(ISNUMBER(IFERROR(VALUE(I15&""),"")),OR(IFERROR(VALUE(I15&""),"")=0,IFERROR(VALUE(I15&""),"")=1,IFERROR(VALUE(I15&""),"")=2,IFERROR(VALUE(I15&""),"")=3))))),1,0)
A16: C6 | B16: Findings | C16: Findings | D16: Should | E16: Effective performance is acknowledged | F16: Where the work found processes operating effectively, the report says so. An exception-only report that is silent on effective controls scores 1. Score 2 when the report found no effective area and does not invent one. The conclusion’s own acknowledgment of effective processes is scored on E1. | G16: ="11.3 "&INDEX('6. Standards'!$B$5:$B$21,MATCH("11.3",'6. Standards'!$A$5:$A$21,0))&" — "&"considerations"&CHAR(10)&"14.5 "&INDEX('6. Standards'!$B$5:$B$21,MATCH("14.5",'6. Standards'!$A$5:$A$21,0))&" — "&"Requirements, scored on E1" | H16: ="See "&INDEX($A$6:$A$47,MATCH("E1",$A$6:$A$47,0))&". Standard 14.5 requires the conclusion to acknowledge effective processes. That judgment is scored on "&INDEX($A$6:$A$47,MATCH("E1",$A$6:$A$47,0))&", which is "&IF(INDEX($I$6:$I$47,MATCH("E1",$A$6:$A$47,0))="","blank",INDEX($I$6:$I$47,MATCH("E1",$A$6:$A$47,0)))&". This line scores the narrative." | L16: No | M16: No | N16: =IF(OR(OR(AA16,AND(UPPER(TRIM(I16&""))="N/A",L16="Yes"),AND(UPPER(TRIM(I16&""))="NOT TESTED",M16="Yes")),OR(AND(UPPER(TRIM(I16&""))="N/A",L16<>"Yes"),AND(UPPER(TRIM(I16&""))="NOT TESTED",M16<>"Yes"),AND(NOT(I16=""),NOT(UPPER(TRIM(I16&""))="N/A"),NOT(UPPER(TRIM(I16&""))="NOT TESTED"),NOT(AND(ISNUMBER(IFERROR(VALUE(I16&""),"")),OR(IFERROR(VALUE(I16&""),"")=0,IFERROR(VALUE(I16&""),"")=1,IFERROR(VALUE(I16&""),"")=2,IFERROR(VALUE(I16&""),"")=3)))))),0,IF(AND(ISNUMBER(IFERROR(VALUE(I16&""),"")),OR(IFERROR(VALUE(I16&""),"")=0,IFERROR(VALUE(I16&""),"")=1,IFERROR(VALUE(I16&""),"")=2,IFERROR(VALUE(I16&""),"")=3)),IFERROR(VALUE(I16&""),"")*IF(D16="Must",2,1),0)) | O16: =IF(OR(AA16,AND(UPPER(TRIM(I16&""))="N/A",L16="Yes"),AND(UPPER(TRIM(I16&""))="NOT TESTED",M16="Yes")),0,IF(OR(OR(AND(UPPER(TRIM(I16&""))="N/A",L16<>"Yes"),AND(UPPER(TRIM(I16&""))="NOT TESTED",M16<>"Yes"),AND(NOT(I16=""),NOT(UPPER(TRIM(I16&""))="N/A"),NOT(UPPER(TRIM(I16&""))="NOT TESTED"),NOT(AND(ISNUMBER(IFERROR(VALUE(I16&""),"")),OR(IFERROR(VALUE(I16&""),"")=0,IFERROR(VALUE(I16&""),"")=1,IFERROR(VALUE(I16&""),"")=2,IFERROR(VALUE(I16&""),"")=3))))),AND(ISNUMBER(IFERROR(VALUE(I16&""),"")),OR(IFERROR(VALUE(I16&""),"")=0,IFERROR(VALUE(I16&""),"")=1,IFERROR(VALUE(I16&""),"")=2,IFERROR(VALUE(I16&""),"")=3))),3*IF(D16="Must",2,1),0)) | P16: =IF(OR(AA16,NOT(AND(D16="Must",ISNUMBER(X16),X16=0))),0,1) | Q16: =IF(OR(AA16,NOT(AND(D16="Must",ISNUMBER(X16),X16=1))),0,1) | R16: =IF(AND(NOT(AA16),D16="Must",I16=""),1,0) | S16: =IF(AND(NOT(AA16),UPPER(TRIM(I16&""))="N/A",L16<>"Yes"),1,0) | T16: =IF(AND(NOT(AA16),UPPER(TRIM(I16&""))="NOT TESTED",M16<>"Yes"),1,0) | U16: =IF(OR(AA16,NOT(AND(D16="Should",ISNUMBER(X16),X16=0))),0,1) | V16: =IF(OR(AA16,NOT(AND(D16="Should",ISNUMBER(X16),X16=1))),0,1) | W16: =IF(OR(I16="",AA16),0,1) | X16: =IF(I16="","",IF(UPPER(TRIM(I16&""))="N/A","N/A",IF(UPPER(TRIM(I16&""))="NOT TESTED","NT",IF(AND(ISNUMBER(IFERROR(VALUE(I16&""),"")),OR(IFERROR(VALUE(I16&""),"")=0,IFERROR(VALUE(I16&""),"")=1,IFERROR(VALUE(I16&""),"")=2,IFERROR(VALUE(I16&""),"")=3)),IFERROR(VALUE(I16&""),""),"BAD")))) | Y16: =IF(OR(AA16,NOT(OR(AND(D16="Must",I16="",SUM($W$6:$W$47)>0),AND(ISNUMBER(X16),X16<2),AND(UPPER(TRIM(I16&""))="N/A",L16<>"Yes"),AND(UPPER(TRIM(I16&""))="NOT TESTED",M16<>"Yes"),AND(NOT(I16=""),NOT(UPPER(TRIM(I16&""))="N/A"),NOT(UPPER(TRIM(I16&""))="NOT TESTED"),NOT(AND(ISNUMBER(IFERROR(VALUE(I16&""),"")),OR(IFERROR(VALUE(I16&""),"")=0,IFERROR(VALUE(I16&""),"")=1,IFERROR(VALUE(I16&""),"")=2,IFERROR(VALUE(I16&""),"")=3))))))),0,1) | Z16: =IF(Y16=1,COUNTIF($Y$6:Y16,1),0) | AA16: =OR(AND(LEFT(A16,1)="O",EngagementType<>"Overall opinion"),AND(A16="G3",StandardsEra="Before 9 January 2025"),AND(A16="E2",OR(INDEX($I$6:$I$47,MATCH("E1",$A$6:$A$47,0))=0,INDEX($I$6:$I$47,MATCH("E1",$A$6:$A$47,0))="0")),AND(A16="B2",UPPER(TRIM(INDEX($I$6:$I$47,MATCH("B1",$A$6:$A$47,0))&""))="N/A"),AND(OR(A16="D1",A16="D2",A16="D3",A16="D4",A16="D5"),UPPER(TRIM(INDEX($I$6:$I$47,MATCH("C1",$A$6:$A$47,0))&""))="N/A")) | AB16: 11.3;14.5 | AC16: =IF(AND(NOT(AA16),AND(NOT(I16=""),NOT(UPPER(TRIM(I16&""))="N/A"),NOT(UPPER(TRIM(I16&""))="NOT TESTED"),NOT(AND(ISNUMBER(IFERROR(VALUE(I16&""),"")),OR(IFERROR(VALUE(I16&""),"")=0,IFERROR(VALUE(I16&""),"")=1,IFERROR(VALUE(I16&""),"")=2,IFERROR(VALUE(I16&""),"")=3))))),1,0)
A17: D1 | B17: Actions | C17: Close | D17: Must | E17: The action addresses the cause and the gap | F17: Each finding has a recommendation or an agreed action that closes the gap, mitigates the risk, or addresses the root cause. An action that only restates the symptom scores 1. Use N/A when there are no findings. | G17: ="14.4 "&INDEX('6. Standards'!$B$5:$B$21,MATCH("14.4",'6. Standards'!$A$5:$A$21,0))&" — "&INDEX('6. Standards'!$C$5:$C$21,MATCH("14.4",'6. Standards'!$A$5:$A$21,0))&CHAR(10)&"15.1 "&INDEX('6. Standards'!$B$5:$B$21,MATCH("15.1",'6. Standards'!$A$5:$A$21,0))&" — "&INDEX('6. Standards'!$C$5:$C$21,MATCH("15.1",'6. Standards'!$A$5:$A$21,0)) | H17: =IF(UPPER(TRIM(INDEX($I$6:$I$47,MATCH("C1",$A$6:$A$47,0))&""))="N/A","Off. "&INDEX($A$6:$A$47,MATCH("C1",$A$6:$A$47,0))&" is N/A, so there are no findings and actions are not scored.","On while "&INDEX($A$6:$A$47,MATCH("C1",$A$6:$A$47,0))&" is scored. "&INDEX($A$6:$A$47,MATCH("C1",$A$6:$A$47,0))&" is "&IF(INDEX($I$6:$I$47,MATCH("C1",$A$6:$A$47,0))="","blank",INDEX($I$6:$I$47,MATCH("C1",$A$6:$A$47,0)))&".")&IF(COUNTA('4. Findings'!A8:A27)=0,""," Findings sheet, action: "&COUNTIF('4. Findings'!I$8:I$27,"Y")&" Y, "&COUNTIF('4. Findings'!I$8:I$27,"P")&" P, "&COUNTIF('4. Findings'!I$8:I$27,"N")&" N.") | L17: Yes | M17: No | N17: =IF(OR(OR(AA17,AND(UPPER(TRIM(I17&""))="N/A",L17="Yes"),AND(UPPER(TRIM(I17&""))="NOT TESTED",M17="Yes")),OR(AND(UPPER(TRIM(I17&""))="N/A",L17<>"Yes"),AND(UPPER(TRIM(I17&""))="NOT TESTED",M17<>"Yes"),AND(NOT(I17=""),NOT(UPPER(TRIM(I17&""))="N/A"),NOT(UPPER(TRIM(I17&""))="NOT TESTED"),NOT(AND(ISNUMBER(IFERROR(VALUE(I17&""),"")),OR(IFERROR(VALUE(I17&""),"")=0,IFERROR(VALUE(I17&""),"")=1,IFERROR(VALUE(I17&""),"")=2,IFERROR(VALUE(I17&""),"")=3)))))),0,IF(AND(ISNUMBER(IFERROR(VALUE(I17&""),"")),OR(IFERROR(VALUE(I17&""),"")=0,IFERROR(VALUE(I17&""),"")=1,IFERROR(VALUE(I17&""),"")=2,IFERROR(VALUE(I17&""),"")=3)),IFERROR(VALUE(I17&""),"")*IF(D17="Must",2,1),0)) | O17: =IF(OR(AA17,AND(UPPER(TRIM(I17&""))="N/A",L17="Yes"),AND(UPPER(TRIM(I17&""))="NOT TESTED",M17="Yes")),0,IF(OR(OR(AND(UPPER(TRIM(I17&""))="N/A",L17<>"Yes"),AND(UPPER(TRIM(I17&""))="NOT TESTED",M17<>"Yes"),AND(NOT(I17=""),NOT(UPPER(TRIM(I17&""))="N/A"),NOT(UPPER(TRIM(I17&""))="NOT TESTED"),NOT(AND(ISNUMBER(IFERROR(VALUE(I17&""),"")),OR(IFERROR(VALUE(I17&""),"")=0,IFERROR(VALUE(I17&""),"")=1,IFERROR(VALUE(I17&""),"")=2,IFERROR(VALUE(I17&""),"")=3))))),AND(ISNUMBER(IFERROR(VALUE(I17&""),"")),OR(IFERROR(VALUE(I17&""),"")=0,IFERROR(VALUE(I17&""),"")=1,IFERROR(VALUE(I17&""),"")=2,IFERROR(VALUE(I17&""),"")=3))),3*IF(D17="Must",2,1),0)) | P17: =IF(OR(AA17,NOT(AND(D17="Must",ISNUMBER(X17),X17=0))),0,1) | Q17: =IF(OR(AA17,NOT(AND(D17="Must",ISNUMBER(X17),X17=1))),0,1) | R17: =IF(AND(NOT(AA17),D17="Must",I17=""),1,0) | S17: =IF(AND(NOT(AA17),UPPER(TRIM(I17&""))="N/A",L17<>"Yes"),1,0) | T17: =IF(AND(NOT(AA17),UPPER(TRIM(I17&""))="NOT TESTED",M17<>"Yes"),1,0) | U17: =IF(OR(AA17,NOT(AND(D17="Should",ISNUMBER(X17),X17=0))),0,1) | V17: =IF(OR(AA17,NOT(AND(D17="Should",ISNUMBER(X17),X17=1))),0,1) | W17: =IF(OR(I17="",AA17),0,1) | X17: =IF(I17="","",IF(UPPER(TRIM(I17&""))="N/A","N/A",IF(UPPER(TRIM(I17&""))="NOT TESTED","NT",IF(AND(ISNUMBER(IFERROR(VALUE(I17&""),"")),OR(IFERROR(VALUE(I17&""),"")=0,IFERROR(VALUE(I17&""),"")=1,IFERROR(VALUE(I17&""),"")=2,IFERROR(VALUE(I17&""),"")=3)),IFERROR(VALUE(I17&""),""),"BAD")))) | Y17: =IF(OR(AA17,NOT(OR(AND(D17="Must",I17="",SUM($W$6:$W$47)>0),AND(ISNUMBER(X17),X17<2),AND(UPPER(TRIM(I17&""))="N/A",L17<>"Yes"),AND(UPPER(TRIM(I17&""))="NOT TESTED",M17<>"Yes"),AND(NOT(I17=""),NOT(UPPER(TRIM(I17&""))="N/A"),NOT(UPPER(TRIM(I17&""))="NOT TESTED"),NOT(AND(ISNUMBER(IFERROR(VALUE(I17&""),"")),OR(IFERROR(VALUE(I17&""),"")=0,IFERROR(VALUE(I17&""),"")=1,IFERROR(VALUE(I17&""),"")=2,IFERROR(VALUE(I17&""),"")=3))))))),0,1) | Z17: =IF(Y17=1,COUNTIF($Y$6:Y17,1),0) | AA17: =OR(AND(LEFT(A17,1)="O",EngagementType<>"Overall opinion"),AND(A17="G3",StandardsEra="Before 9 January 2025"),AND(A17="E2",OR(INDEX($I$6:$I$47,MATCH("E1",$A$6:$A$47,0))=0,INDEX($I$6:$I$47,MATCH("E1",$A$6:$A$47,0))="0")),AND(A17="B2",UPPER(TRIM(INDEX($I$6:$I$47,MATCH("B1",$A$6:$A$47,0))&""))="N/A"),AND(OR(A17="D1",A17="D2",A17="D3",A17="D4",A17="D5"),UPPER(TRIM(INDEX($I$6:$I$47,MATCH("C1",$A$6:$A$47,0))&""))="N/A")) | AB17: 14.4;15.1 | AC17: =IF(AND(NOT(AA17),AND(NOT(I17=""),NOT(UPPER(TRIM(I17&""))="N/A"),NOT(UPPER(TRIM(I17&""))="NOT TESTED"),NOT(AND(ISNUMBER(IFERROR(VALUE(I17&""),"")),OR(IFERROR(VALUE(I17&""),"")=0,IFERROR(VALUE(I17&""),"")=1,IFERROR(VALUE(I17&""),"")=2,IFERROR(VALUE(I17&""),"")=3))))),1,0)
A18: D2 | B18: Actions | C18: Close | D18: Must | E18: A person or role is responsible | F18: A named person or role owns each action. “Management,” with no role, scores 0. Use Not tested when the document is a draft awaiting replies, or the owner is redacted in this copy. | G18: ="15.1 "&INDEX('6. Standards'!$B$5:$B$21,MATCH("15.1",'6. Standards'!$A$5:$A$21,0))&" — "&INDEX('6. Standards'!$C$5:$C$21,MATCH("15.1",'6. Standards'!$A$5:$A$21,0)) | H18: =IF(UPPER(TRIM(INDEX($I$6:$I$47,MATCH("C1",$A$6:$A$47,0))&""))="N/A","Off. "&INDEX($A$6:$A$47,MATCH("C1",$A$6:$A$47,0))&" is N/A, so there are no findings and actions are not scored.","On while "&INDEX($A$6:$A$47,MATCH("C1",$A$6:$A$47,0))&" is scored. "&INDEX($A$6:$A$47,MATCH("C1",$A$6:$A$47,0))&" is "&IF(INDEX($I$6:$I$47,MATCH("C1",$A$6:$A$47,0))="","blank",INDEX($I$6:$I$47,MATCH("C1",$A$6:$A$47,0)))&".") | L18: No | M18: Yes | N18: =IF(OR(OR(AA18,AND(UPPER(TRIM(I18&""))="N/A",L18="Yes"),AND(UPPER(TRIM(I18&""))="NOT TESTED",M18="Yes")),OR(AND(UPPER(TRIM(I18&""))="N/A",L18<>"Yes"),AND(UPPER(TRIM(I18&""))="NOT TESTED",M18<>"Yes"),AND(NOT(I18=""),NOT(UPPER(TRIM(I18&""))="N/A"),NOT(UPPER(TRIM(I18&""))="NOT TESTED"),NOT(AND(ISNUMBER(IFERROR(VALUE(I18&""),"")),OR(IFERROR(VALUE(I18&""),"")=0,IFERROR(VALUE(I18&""),"")=1,IFERROR(VALUE(I18&""),"")=2,IFERROR(VALUE(I18&""),"")=3)))))),0,IF(AND(ISNUMBER(IFERROR(VALUE(I18&""),"")),OR(IFERROR(VALUE(I18&""),"")=0,IFERROR(VALUE(I18&""),"")=1,IFERROR(VALUE(I18&""),"")=2,IFERROR(VALUE(I18&""),"")=3)),IFERROR(VALUE(I18&""),"")*IF(D18="Must",2,1),0)) | O18: =IF(OR(AA18,AND(UPPER(TRIM(I18&""))="N/A",L18="Yes"),AND(UPPER(TRIM(I18&""))="NOT TESTED",M18="Yes")),0,IF(OR(OR(AND(UPPER(TRIM(I18&""))="N/A",L18<>"Yes"),AND(UPPER(TRIM(I18&""))="NOT TESTED",M18<>"Yes"),AND(NOT(I18=""),NOT(UPPER(TRIM(I18&""))="N/A"),NOT(UPPER(TRIM(I18&""))="NOT TESTED"),NOT(AND(ISNUMBER(IFERROR(VALUE(I18&""),"")),OR(IFERROR(VALUE(I18&""),"")=0,IFERROR(VALUE(I18&""),"")=1,IFERROR(VALUE(I18&""),"")=2,IFERROR(VALUE(I18&""),"")=3))))),AND(ISNUMBER(IFERROR(VALUE(I18&""),"")),OR(IFERROR(VALUE(I18&""),"")=0,IFERROR(VALUE(I18&""),"")=1,IFERROR(VALUE(I18&""),"")=2,IFERROR(VALUE(I18&""),"")=3))),3*IF(D18="Must",2,1),0)) | P18: =IF(OR(AA18,NOT(AND(D18="Must",ISNUMBER(X18),X18=0))),0,1) | Q18: =IF(OR(AA18,NOT(AND(D18="Must",ISNUMBER(X18),X18=1))),0,1) | R18: =IF(AND(NOT(AA18),D18="Must",I18=""),1,0) | S18: =IF(AND(NOT(AA18),UPPER(TRIM(I18&""))="N/A",L18<>"Yes"),1,0) | T18: =IF(AND(NOT(AA18),UPPER(TRIM(I18&""))="NOT TESTED",M18<>"Yes"),1,0) | U18: =IF(OR(AA18,NOT(AND(D18="Should",ISNUMBER(X18),X18=0))),0,1) | V18: =IF(OR(AA18,NOT(AND(D18="Should",ISNUMBER(X18),X18=1))),0,1) | W18: =IF(OR(I18="",AA18),0,1) | X18: =IF(I18="","",IF(UPPER(TRIM(I18&""))="N/A","N/A",IF(UPPER(TRIM(I18&""))="NOT TESTED","NT",IF(AND(ISNUMBER(IFERROR(VALUE(I18&""),"")),OR(IFERROR(VALUE(I18&""),"")=0,IFERROR(VALUE(I18&""),"")=1,IFERROR(VALUE(I18&""),"")=2,IFERROR(VALUE(I18&""),"")=3)),IFERROR(VALUE(I18&""),""),"BAD")))) | Y18: =IF(OR(AA18,NOT(OR(AND(D18="Must",I18="",SUM($W$6:$W$47)>0),AND(ISNUMBER(X18),X18<2),AND(UPPER(TRIM(I18&""))="N/A",L18<>"Yes"),AND(UPPER(TRIM(I18&""))="NOT TESTED",M18<>"Yes"),AND(NOT(I18=""),NOT(UPPER(TRIM(I18&""))="N/A"),NOT(UPPER(TRIM(I18&""))="NOT TESTED"),NOT(AND(ISNUMBER(IFERROR(VALUE(I18&""),"")),OR(IFERROR(VALUE(I18&""),"")=0,IFERROR(VALUE(I18&""),"")=1,IFERROR(VALUE(I18&""),"")=2,IFERROR(VALUE(I18&""),"")=3))))))),0,1) | Z18: =IF(Y18=1,COUNTIF($Y$6:Y18,1),0) | AA18: =OR(AND(LEFT(A18,1)="O",EngagementType<>"Overall opinion"),AND(A18="G3",StandardsEra="Before 9 January 2025"),AND(A18="E2",OR(INDEX($I$6:$I$47,MATCH("E1",$A$6:$A$47,0))=0,INDEX($I$6:$I$47,MATCH("E1",$A$6:$A$47,0))="0")),AND(A18="B2",UPPER(TRIM(INDEX($I$6:$I$47,MATCH("B1",$A$6:$A$47,0))&""))="N/A"),AND(OR(A18="D1",A18="D2",A18="D3",A18="D4",A18="D5"),UPPER(TRIM(INDEX($I$6:$I$47,MATCH("C1",$A$6:$A$47,0))&""))="N/A")) | AB18: 15.1 | AC18: =IF(AND(NOT(AA18),AND(NOT(I18=""),NOT(UPPER(TRIM(I18&""))="N/A"),NOT(UPPER(TRIM(I18&""))="NOT TESTED"),NOT(AND(ISNUMBER(IFERROR(VALUE(I18&""),"")),OR(IFERROR(VALUE(I18&""),"")=0,IFERROR(VALUE(I18&""),"")=1,IFERROR(VALUE(I18&""),"")=2,IFERROR(VALUE(I18&""),"")=3))))),1,0)
A19: D3 | B19: Actions | C19: Close | D19: Must | E19: A planned completion date is given | F19: Each action has a date, proportionate to the significance. “Ongoing,” “TBD,” or a blank scores 0. A month or a quarter, with no day, scores 1. Use Not tested on the same grounds as D2. | G19: ="15.1 "&INDEX('6. Standards'!$B$5:$B$21,MATCH("15.1",'6. Standards'!$A$5:$A$21,0))&" — "&INDEX('6. Standards'!$C$5:$C$21,MATCH("15.1",'6. Standards'!$A$5:$A$21,0)) | H19: =IF(UPPER(TRIM(INDEX($I$6:$I$47,MATCH("C1",$A$6:$A$47,0))&""))="N/A","Off. "&INDEX($A$6:$A$47,MATCH("C1",$A$6:$A$47,0))&" is N/A, so there are no findings and actions are not scored.","On while "&INDEX($A$6:$A$47,MATCH("C1",$A$6:$A$47,0))&" is scored. "&INDEX($A$6:$A$47,MATCH("C1",$A$6:$A$47,0))&" is "&IF(INDEX($I$6:$I$47,MATCH("C1",$A$6:$A$47,0))="","blank",INDEX($I$6:$I$47,MATCH("C1",$A$6:$A$47,0)))&".")&" Not tested on the same grounds as "&INDEX($A$6:$A$47,MATCH("D2",$A$6:$A$47,0))&"." | L19: No | M19: Yes | N19: =IF(OR(OR(AA19,AND(UPPER(TRIM(I19&""))="N/A",L19="Yes"),AND(UPPER(TRIM(I19&""))="NOT TESTED",M19="Yes")),OR(AND(UPPER(TRIM(I19&""))="N/A",L19<>"Yes"),AND(UPPER(TRIM(I19&""))="NOT TESTED",M19<>"Yes"),AND(NOT(I19=""),NOT(UPPER(TRIM(I19&""))="N/A"),NOT(UPPER(TRIM(I19&""))="NOT TESTED"),NOT(AND(ISNUMBER(IFERROR(VALUE(I19&""),"")),OR(IFERROR(VALUE(I19&""),"")=0,IFERROR(VALUE(I19&""),"")=1,IFERROR(VALUE(I19&""),"")=2,IFERROR(VALUE(I19&""),"")=3)))))),0,IF(AND(ISNUMBER(IFERROR(VALUE(I19&""),"")),OR(IFERROR(VALUE(I19&""),"")=0,IFERROR(VALUE(I19&""),"")=1,IFERROR(VALUE(I19&""),"")=2,IFERROR(VALUE(I19&""),"")=3)),IFERROR(VALUE(I19&""),"")*IF(D19="Must",2,1),0)) | O19: =IF(OR(AA19,AND(UPPER(TRIM(I19&""))="N/A",L19="Yes"),AND(UPPER(TRIM(I19&""))="NOT TESTED",M19="Yes")),0,IF(OR(OR(AND(UPPER(TRIM(I19&""))="N/A",L19<>"Yes"),AND(UPPER(TRIM(I19&""))="NOT TESTED",M19<>"Yes"),AND(NOT(I19=""),NOT(UPPER(TRIM(I19&""))="N/A"),NOT(UPPER(TRIM(I19&""))="NOT TESTED"),NOT(AND(ISNUMBER(IFERROR(VALUE(I19&""),"")),OR(IFERROR(VALUE(I19&""),"")=0,IFERROR(VALUE(I19&""),"")=1,IFERROR(VALUE(I19&""),"")=2,IFERROR(VALUE(I19&""),"")=3))))),AND(ISNUMBER(IFERROR(VALUE(I19&""),"")),OR(IFERROR(VALUE(I19&""),"")=0,IFERROR(VALUE(I19&""),"")=1,IFERROR(VALUE(I19&""),"")=2,IFERROR(VALUE(I19&""),"")=3))),3*IF(D19="Must",2,1),0)) | P19: =IF(OR(AA19,NOT(AND(D19="Must",ISNUMBER(X19),X19=0))),0,1) | Q19: =IF(OR(AA19,NOT(AND(D19="Must",ISNUMBER(X19),X19=1))),0,1) | R19: =IF(AND(NOT(AA19),D19="Must",I19=""),1,0) | S19: =IF(AND(NOT(AA19),UPPER(TRIM(I19&""))="N/A",L19<>"Yes"),1,0) | T19: =IF(AND(NOT(AA19),UPPER(TRIM(I19&""))="NOT TESTED",M19<>"Yes"),1,0) | U19: =IF(OR(AA19,NOT(AND(D19="Should",ISNUMBER(X19),X19=0))),0,1) | V19: =IF(OR(AA19,NOT(AND(D19="Should",ISNUMBER(X19),X19=1))),0,1) | W19: =IF(OR(I19="",AA19),0,1) | X19: =IF(I19="","",IF(UPPER(TRIM(I19&""))="N/A","N/A",IF(UPPER(TRIM(I19&""))="NOT TESTED","NT",IF(AND(ISNUMBER(IFERROR(VALUE(I19&""),"")),OR(IFERROR(VALUE(I19&""),"")=0,IFERROR(VALUE(I19&""),"")=1,IFERROR(VALUE(I19&""),"")=2,IFERROR(VALUE(I19&""),"")=3)),IFERROR(VALUE(I19&""),""),"BAD")))) | Y19: =IF(OR(AA19,NOT(OR(AND(D19="Must",I19="",SUM($W$6:$W$47)>0),AND(ISNUMBER(X19),X19<2),AND(UPPER(TRIM(I19&""))="N/A",L19<>"Yes"),AND(UPPER(TRIM(I19&""))="NOT TESTED",M19<>"Yes"),AND(NOT(I19=""),NOT(UPPER(TRIM(I19&""))="N/A"),NOT(UPPER(TRIM(I19&""))="NOT TESTED"),NOT(AND(ISNUMBER(IFERROR(VALUE(I19&""),"")),OR(IFERROR(VALUE(I19&""),"")=0,IFERROR(VALUE(I19&""),"")=1,IFERROR(VALUE(I19&""),"")=2,IFERROR(VALUE(I19&""),"")=3))))))),0,1) | Z19: =IF(Y19=1,COUNTIF($Y$6:Y19,1),0) | AA19: =OR(AND(LEFT(A19,1)="O",EngagementType<>"Overall opinion"),AND(A19="G3",StandardsEra="Before 9 January 2025"),AND(A19="E2",OR(INDEX($I$6:$I$47,MATCH("E1",$A$6:$A$47,0))=0,INDEX($I$6:$I$47,MATCH("E1",$A$6:$A$47,0))="0")),AND(A19="B2",UPPER(TRIM(INDEX($I$6:$I$47,MATCH("B1",$A$6:$A$47,0))&""))="N/A"),AND(OR(A19="D1",A19="D2",A19="D3",A19="D4",A19="D5"),UPPER(TRIM(INDEX($I$6:$I$47,MATCH("C1",$A$6:$A$47,0))&""))="N/A")) | AB19: 15.1 | AC19: =IF(AND(NOT(AA19),AND(NOT(I19=""),NOT(UPPER(TRIM(I19&""))="N/A"),NOT(UPPER(TRIM(I19&""))="NOT TESTED"),NOT(AND(ISNUMBER(IFERROR(VALUE(I19&""),"")),OR(IFERROR(VALUE(I19&""),"")=0,IFERROR(VALUE(I19&""),"")=1,IFERROR(VALUE(I19&""),"")=2,IFERROR(VALUE(I19&""),"")=3))))),1,0)
A20: D4 | B20: Actions | C20: Close | D20: Must | E20: Action already under way is acknowledged | F20: If management had started or finished work before issue, the report says so. Use N/A when no such action is described. | G20: ="15.1 "&INDEX('6. Standards'!$B$5:$B$21,MATCH("15.1",'6. Standards'!$A$5:$A$21,0))&" — "&INDEX('6. Standards'!$C$5:$C$21,MATCH("15.1",'6. Standards'!$A$5:$A$21,0)) | H20: =IF(UPPER(TRIM(INDEX($I$6:$I$47,MATCH("C1",$A$6:$A$47,0))&""))="N/A","Off. "&INDEX($A$6:$A$47,MATCH("C1",$A$6:$A$47,0))&" is N/A, so there are no findings and actions are not scored.","On while "&INDEX($A$6:$A$47,MATCH("C1",$A$6:$A$47,0))&" is scored. "&INDEX($A$6:$A$47,MATCH("C1",$A$6:$A$47,0))&" is "&IF(INDEX($I$6:$I$47,MATCH("C1",$A$6:$A$47,0))="","blank",INDEX($I$6:$I$47,MATCH("C1",$A$6:$A$47,0)))&".") | L20: Yes | M20: No | N20: =IF(OR(OR(AA20,AND(UPPER(TRIM(I20&""))="N/A",L20="Yes"),AND(UPPER(TRIM(I20&""))="NOT TESTED",M20="Yes")),OR(AND(UPPER(TRIM(I20&""))="N/A",L20<>"Yes"),AND(UPPER(TRIM(I20&""))="NOT TESTED",M20<>"Yes"),AND(NOT(I20=""),NOT(UPPER(TRIM(I20&""))="N/A"),NOT(UPPER(TRIM(I20&""))="NOT TESTED"),NOT(AND(ISNUMBER(IFERROR(VALUE(I20&""),"")),OR(IFERROR(VALUE(I20&""),"")=0,IFERROR(VALUE(I20&""),"")=1,IFERROR(VALUE(I20&""),"")=2,IFERROR(VALUE(I20&""),"")=3)))))),0,IF(AND(ISNUMBER(IFERROR(VALUE(I20&""),"")),OR(IFERROR(VALUE(I20&""),"")=0,IFERROR(VALUE(I20&""),"")=1,IFERROR(VALUE(I20&""),"")=2,IFERROR(VALUE(I20&""),"")=3)),IFERROR(VALUE(I20&""),"")*IF(D20="Must",2,1),0)) | O20: =IF(OR(AA20,AND(UPPER(TRIM(I20&""))="N/A",L20="Yes"),AND(UPPER(TRIM(I20&""))="NOT TESTED",M20="Yes")),0,IF(OR(OR(AND(UPPER(TRIM(I20&""))="N/A",L20<>"Yes"),AND(UPPER(TRIM(I20&""))="NOT TESTED",M20<>"Yes"),AND(NOT(I20=""),NOT(UPPER(TRIM(I20&""))="N/A"),NOT(UPPER(TRIM(I20&""))="NOT TESTED"),NOT(AND(ISNUMBER(IFERROR(VALUE(I20&""),"")),OR(IFERROR(VALUE(I20&""),"")=0,IFERROR(VALUE(I20&""),"")=1,IFERROR(VALUE(I20&""),"")=2,IFERROR(VALUE(I20&""),"")=3))))),AND(ISNUMBER(IFERROR(VALUE(I20&""),"")),OR(IFERROR(VALUE(I20&""),"")=0,IFERROR(VALUE(I20&""),"")=1,IFERROR(VALUE(I20&""),"")=2,IFERROR(VALUE(I20&""),"")=3))),3*IF(D20="Must",2,1),0)) | P20: =IF(OR(AA20,NOT(AND(D20="Must",ISNUMBER(X20),X20=0))),0,1) | Q20: =IF(OR(AA20,NOT(AND(D20="Must",ISNUMBER(X20),X20=1))),0,1) | R20: =IF(AND(NOT(AA20),D20="Must",I20=""),1,0) | S20: =IF(AND(NOT(AA20),UPPER(TRIM(I20&""))="N/A",L20<>"Yes"),1,0) | T20: =IF(AND(NOT(AA20),UPPER(TRIM(I20&""))="NOT TESTED",M20<>"Yes"),1,0) | U20: =IF(OR(AA20,NOT(AND(D20="Should",ISNUMBER(X20),X20=0))),0,1) | V20: =IF(OR(AA20,NOT(AND(D20="Should",ISNUMBER(X20),X20=1))),0,1) | W20: =IF(OR(I20="",AA20),0,1) | X20: =IF(I20="","",IF(UPPER(TRIM(I20&""))="N/A","N/A",IF(UPPER(TRIM(I20&""))="NOT TESTED","NT",IF(AND(ISNUMBER(IFERROR(VALUE(I20&""),"")),OR(IFERROR(VALUE(I20&""),"")=0,IFERROR(VALUE(I20&""),"")=1,IFERROR(VALUE(I20&""),"")=2,IFERROR(VALUE(I20&""),"")=3)),IFERROR(VALUE(I20&""),""),"BAD")))) | Y20: =IF(OR(AA20,NOT(OR(AND(D20="Must",I20="",SUM($W$6:$W$47)>0),AND(ISNUMBER(X20),X20<2),AND(UPPER(TRIM(I20&""))="N/A",L20<>"Yes"),AND(UPPER(TRIM(I20&""))="NOT TESTED",M20<>"Yes"),AND(NOT(I20=""),NOT(UPPER(TRIM(I20&""))="N/A"),NOT(UPPER(TRIM(I20&""))="NOT TESTED"),NOT(AND(ISNUMBER(IFERROR(VALUE(I20&""),"")),OR(IFERROR(VALUE(I20&""),"")=0,IFERROR(VALUE(I20&""),"")=1,IFERROR(VALUE(I20&""),"")=2,IFERROR(VALUE(I20&""),"")=3))))))),0,1) | Z20: =IF(Y20=1,COUNTIF($Y$6:Y20,1),0) | AA20: =OR(AND(LEFT(A20,1)="O",EngagementType<>"Overall opinion"),AND(A20="G3",StandardsEra="Before 9 January 2025"),AND(A20="E2",OR(INDEX($I$6:$I$47,MATCH("E1",$A$6:$A$47,0))=0,INDEX($I$6:$I$47,MATCH("E1",$A$6:$A$47,0))="0")),AND(A20="B2",UPPER(TRIM(INDEX($I$6:$I$47,MATCH("B1",$A$6:$A$47,0))&""))="N/A"),AND(OR(A20="D1",A20="D2",A20="D3",A20="D4",A20="D5"),UPPER(TRIM(INDEX($I$6:$I$47,MATCH("C1",$A$6:$A$47,0))&""))="N/A")) | AB20: 15.1 | AC20: =IF(AND(NOT(AA20),AND(NOT(I20=""),NOT(UPPER(TRIM(I20&""))="N/A"),NOT(UPPER(TRIM(I20&""))="NOT TESTED"),NOT(AND(ISNUMBER(IFERROR(VALUE(I20&""),"")),OR(IFERROR(VALUE(I20&""),"")=0,IFERROR(VALUE(I20&""),"")=1,IFERROR(VALUE(I20&""),"")=2,IFERROR(VALUE(I20&""),"")=3))))),1,0)
A21: D5 | B21: Actions | C21: Close | D21: Should | E21: The action is feasible, and disagreement is recorded | F21: The action can be implemented and followed up. Internal audit is not left to operate the control. Where management and internal audit disagree, both positions are in the report. | G21: ="14.4 "&INDEX('6. Standards'!$B$5:$B$21,MATCH("14.4",'6. Standards'!$A$5:$A$21,0))&" — "&"Requirements and considerations, scored as Should"&CHAR(10)&"13.1 "&INDEX('6. Standards'!$B$5:$B$21,MATCH("13.1",'6. Standards'!$A$5:$A$21,0))&" — "&"Requirements, scored as Should" | H21: =IF(UPPER(TRIM(INDEX($I$6:$I$47,MATCH("C1",$A$6:$A$47,0))&""))="N/A","Off. "&INDEX($A$6:$A$47,MATCH("C1",$A$6:$A$47,0))&" is N/A, so there are no findings and actions are not scored.","On while "&INDEX($A$6:$A$47,MATCH("C1",$A$6:$A$47,0))&" is scored. "&INDEX($A$6:$A$47,MATCH("C1",$A$6:$A$47,0))&" is "&IF(INDEX($I$6:$I$47,MATCH("C1",$A$6:$A$47,0))="","blank",INDEX($I$6:$I$47,MATCH("C1",$A$6:$A$47,0)))&".") | L21: No | M21: No | N21: =IF(OR(OR(AA21,AND(UPPER(TRIM(I21&""))="N/A",L21="Yes"),AND(UPPER(TRIM(I21&""))="NOT TESTED",M21="Yes")),OR(AND(UPPER(TRIM(I21&""))="N/A",L21<>"Yes"),AND(UPPER(TRIM(I21&""))="NOT TESTED",M21<>"Yes"),AND(NOT(I21=""),NOT(UPPER(TRIM(I21&""))="N/A"),NOT(UPPER(TRIM(I21&""))="NOT TESTED"),NOT(AND(ISNUMBER(IFERROR(VALUE(I21&""),"")),OR(IFERROR(VALUE(I21&""),"")=0,IFERROR(VALUE(I21&""),"")=1,IFERROR(VALUE(I21&""),"")=2,IFERROR(VALUE(I21&""),"")=3)))))),0,IF(AND(ISNUMBER(IFERROR(VALUE(I21&""),"")),OR(IFERROR(VALUE(I21&""),"")=0,IFERROR(VALUE(I21&""),"")=1,IFERROR(VALUE(I21&""),"")=2,IFERROR(VALUE(I21&""),"")=3)),IFERROR(VALUE(I21&""),"")*IF(D21="Must",2,1),0)) | O21: =IF(OR(AA21,AND(UPPER(TRIM(I21&""))="N/A",L21="Yes"),AND(UPPER(TRIM(I21&""))="NOT TESTED",M21="Yes")),0,IF(OR(OR(AND(UPPER(TRIM(I21&""))="N/A",L21<>"Yes"),AND(UPPER(TRIM(I21&""))="NOT TESTED",M21<>"Yes"),AND(NOT(I21=""),NOT(UPPER(TRIM(I21&""))="N/A"),NOT(UPPER(TRIM(I21&""))="NOT TESTED"),NOT(AND(ISNUMBER(IFERROR(VALUE(I21&""),"")),OR(IFERROR(VALUE(I21&""),"")=0,IFERROR(VALUE(I21&""),"")=1,IFERROR(VALUE(I21&""),"")=2,IFERROR(VALUE(I21&""),"")=3))))),AND(ISNUMBER(IFERROR(VALUE(I21&""),"")),OR(IFERROR(VALUE(I21&""),"")=0,IFERROR(VALUE(I21&""),"")=1,IFERROR(VALUE(I21&""),"")=2,IFERROR(VALUE(I21&""),"")=3))),3*IF(D21="Must",2,1),0)) | P21: =IF(OR(AA21,NOT(AND(D21="Must",ISNUMBER(X21),X21=0))),0,1) | Q21: =IF(OR(AA21,NOT(AND(D21="Must",ISNUMBER(X21),X21=1))),0,1) | R21: =IF(AND(NOT(AA21),D21="Must",I21=""),1,0) | S21: =IF(AND(NOT(AA21),UPPER(TRIM(I21&""))="N/A",L21<>"Yes"),1,0) | T21: =IF(AND(NOT(AA21),UPPER(TRIM(I21&""))="NOT TESTED",M21<>"Yes"),1,0) | U21: =IF(OR(AA21,NOT(AND(D21="Should",ISNUMBER(X21),X21=0))),0,1) | V21: =IF(OR(AA21,NOT(AND(D21="Should",ISNUMBER(X21),X21=1))),0,1) | W21: =IF(OR(I21="",AA21),0,1) | X21: =IF(I21="","",IF(UPPER(TRIM(I21&""))="N/A","N/A",IF(UPPER(TRIM(I21&""))="NOT TESTED","NT",IF(AND(ISNUMBER(IFERROR(VALUE(I21&""),"")),OR(IFERROR(VALUE(I21&""),"")=0,IFERROR(VALUE(I21&""),"")=1,IFERROR(VALUE(I21&""),"")=2,IFERROR(VALUE(I21&""),"")=3)),IFERROR(VALUE(I21&""),""),"BAD")))) | Y21: =IF(OR(AA21,NOT(OR(AND(D21="Must",I21="",SUM($W$6:$W$47)>0),AND(ISNUMBER(X21),X21<2),AND(UPPER(TRIM(I21&""))="N/A",L21<>"Yes"),AND(UPPER(TRIM(I21&""))="NOT TESTED",M21<>"Yes"),AND(NOT(I21=""),NOT(UPPER(TRIM(I21&""))="N/A"),NOT(UPPER(TRIM(I21&""))="NOT TESTED"),NOT(AND(ISNUMBER(IFERROR(VALUE(I21&""),"")),OR(IFERROR(VALUE(I21&""),"")=0,IFERROR(VALUE(I21&""),"")=1,IFERROR(VALUE(I21&""),"")=2,IFERROR(VALUE(I21&""),"")=3))))))),0,1) | Z21: =IF(Y21=1,COUNTIF($Y$6:Y21,1),0) | AA21: =OR(AND(LEFT(A21,1)="O",EngagementType<>"Overall opinion"),AND(A21="G3",StandardsEra="Before 9 January 2025"),AND(A21="E2",OR(INDEX($I$6:$I$47,MATCH("E1",$A$6:$A$47,0))=0,INDEX($I$6:$I$47,MATCH("E1",$A$6:$A$47,0))="0")),AND(A21="B2",UPPER(TRIM(INDEX($I$6:$I$47,MATCH("B1",$A$6:$A$47,0))&""))="N/A"),AND(OR(A21="D1",A21="D2",A21="D3",A21="D4",A21="D5"),UPPER(TRIM(INDEX($I$6:$I$47,MATCH("C1",$A$6:$A$47,0))&""))="N/A")) | AB21: 14.4;13.1 | AC21: =IF(AND(NOT(AA21),AND(NOT(I21=""),NOT(UPPER(TRIM(I21&""))="N/A"),NOT(UPPER(TRIM(I21&""))="NOT TESTED"),NOT(AND(ISNUMBER(IFERROR(VALUE(I21&""),"")),OR(IFERROR(VALUE(I21&""),"")=0,IFERROR(VALUE(I21&""),"")=1,IFERROR(VALUE(I21&""),"")=2,IFERROR(VALUE(I21&""),"")=3))))),1,0)
A22: E1 | B22: Conclusion | C22: Close | D22: Must | E22: The report concludes on the engagement | F22: For an assurance engagement, the conclusion judges the effectiveness of the governance, risk management, and/or controls of the activity, against the objectives, and acknowledges effective processes when the work found them. A count of findings is not a conclusion and scores 0. A stated rating that the report itself says is not a conclusion on adequacy or effectiveness scores 1, not 0. For advisory work, score the conclusion against the agreed objectives and do not require a controls opinion. | G22: ="14.5 "&INDEX('6. Standards'!$B$5:$B$21,MATCH("14.5",'6. Standards'!$A$5:$A$21,0))&" — "&INDEX('6. Standards'!$C$5:$C$21,MATCH("14.5",'6. Standards'!$A$5:$A$21,0))&CHAR(10)&"15.1 "&INDEX('6. Standards'!$B$5:$B$21,MATCH("15.1",'6. Standards'!$A$5:$A$21,0))&" — "&INDEX('6. Standards'!$C$5:$C$21,MATCH("15.1",'6. Standards'!$A$5:$A$21,0)) | H22: ="No other line switches this off." | L22: No | M22: No | N22: =IF(OR(OR(AA22,AND(UPPER(TRIM(I22&""))="N/A",L22="Yes"),AND(UPPER(TRIM(I22&""))="NOT TESTED",M22="Yes")),OR(AND(UPPER(TRIM(I22&""))="N/A",L22<>"Yes"),AND(UPPER(TRIM(I22&""))="NOT TESTED",M22<>"Yes"),AND(NOT(I22=""),NOT(UPPER(TRIM(I22&""))="N/A"),NOT(UPPER(TRIM(I22&""))="NOT TESTED"),NOT(AND(ISNUMBER(IFERROR(VALUE(I22&""),"")),OR(IFERROR(VALUE(I22&""),"")=0,IFERROR(VALUE(I22&""),"")=1,IFERROR(VALUE(I22&""),"")=2,IFERROR(VALUE(I22&""),"")=3)))))),0,IF(AND(ISNUMBER(IFERROR(VALUE(I22&""),"")),OR(IFERROR(VALUE(I22&""),"")=0,IFERROR(VALUE(I22&""),"")=1,IFERROR(VALUE(I22&""),"")=2,IFERROR(VALUE(I22&""),"")=3)),IFERROR(VALUE(I22&""),"")*IF(D22="Must",2,1),0)) | O22: =IF(OR(AA22,AND(UPPER(TRIM(I22&""))="N/A",L22="Yes"),AND(UPPER(TRIM(I22&""))="NOT TESTED",M22="Yes")),0,IF(OR(OR(AND(UPPER(TRIM(I22&""))="N/A",L22<>"Yes"),AND(UPPER(TRIM(I22&""))="NOT TESTED",M22<>"Yes"),AND(NOT(I22=""),NOT(UPPER(TRIM(I22&""))="N/A"),NOT(UPPER(TRIM(I22&""))="NOT TESTED"),NOT(AND(ISNUMBER(IFERROR(VALUE(I22&""),"")),OR(IFERROR(VALUE(I22&""),"")=0,IFERROR(VALUE(I22&""),"")=1,IFERROR(VALUE(I22&""),"")=2,IFERROR(VALUE(I22&""),"")=3))))),AND(ISNUMBER(IFERROR(VALUE(I22&""),"")),OR(IFERROR(VALUE(I22&""),"")=0,IFERROR(VALUE(I22&""),"")=1,IFERROR(VALUE(I22&""),"")=2,IFERROR(VALUE(I22&""),"")=3))),3*IF(D22="Must",2,1),0)) | P22: =IF(OR(AA22,NOT(AND(D22="Must",ISNUMBER(X22),X22=0))),0,1) | Q22: =IF(OR(AA22,NOT(AND(D22="Must",ISNUMBER(X22),X22=1))),0,1) | R22: =IF(AND(NOT(AA22),D22="Must",I22=""),1,0) | S22: =IF(AND(NOT(AA22),UPPER(TRIM(I22&""))="N/A",L22<>"Yes"),1,0) | T22: =IF(AND(NOT(AA22),UPPER(TRIM(I22&""))="NOT TESTED",M22<>"Yes"),1,0) | U22: =IF(OR(AA22,NOT(AND(D22="Should",ISNUMBER(X22),X22=0))),0,1) | V22: =IF(OR(AA22,NOT(AND(D22="Should",ISNUMBER(X22),X22=1))),0,1) | W22: =IF(OR(I22="",AA22),0,1) | X22: =IF(I22="","",IF(UPPER(TRIM(I22&""))="N/A","N/A",IF(UPPER(TRIM(I22&""))="NOT TESTED","NT",IF(AND(ISNUMBER(IFERROR(VALUE(I22&""),"")),OR(IFERROR(VALUE(I22&""),"")=0,IFERROR(VALUE(I22&""),"")=1,IFERROR(VALUE(I22&""),"")=2,IFERROR(VALUE(I22&""),"")=3)),IFERROR(VALUE(I22&""),""),"BAD")))) | Y22: =IF(OR(AA22,NOT(OR(AND(D22="Must",I22="",SUM($W$6:$W$47)>0),AND(ISNUMBER(X22),X22<2),AND(UPPER(TRIM(I22&""))="N/A",L22<>"Yes"),AND(UPPER(TRIM(I22&""))="NOT TESTED",M22<>"Yes"),AND(NOT(I22=""),NOT(UPPER(TRIM(I22&""))="N/A"),NOT(UPPER(TRIM(I22&""))="NOT TESTED"),NOT(AND(ISNUMBER(IFERROR(VALUE(I22&""),"")),OR(IFERROR(VALUE(I22&""),"")=0,IFERROR(VALUE(I22&""),"")=1,IFERROR(VALUE(I22&""),"")=2,IFERROR(VALUE(I22&""),"")=3))))))),0,1) | Z22: =IF(Y22=1,COUNTIF($Y$6:Y22,1),0) | AA22: =OR(AND(LEFT(A22,1)="O",EngagementType<>"Overall opinion"),AND(A22="G3",StandardsEra="Before 9 January 2025"),AND(A22="E2",OR(INDEX($I$6:$I$47,MATCH("E1",$A$6:$A$47,0))=0,INDEX($I$6:$I$47,MATCH("E1",$A$6:$A$47,0))="0")),AND(A22="B2",UPPER(TRIM(INDEX($I$6:$I$47,MATCH("B1",$A$6:$A$47,0))&""))="N/A"),AND(OR(A22="D1",A22="D2",A22="D3",A22="D4",A22="D5"),UPPER(TRIM(INDEX($I$6:$I$47,MATCH("C1",$A$6:$A$47,0))&""))="N/A")) | AB22: 14.5;15.1 | AC22: =IF(AND(NOT(AA22),AND(NOT(I22=""),NOT(UPPER(TRIM(I22&""))="N/A"),NOT(UPPER(TRIM(I22&""))="NOT TESTED"),NOT(AND(ISNUMBER(IFERROR(VALUE(I22&""),"")),OR(IFERROR(VALUE(I22&""),"")=0,IFERROR(VALUE(I22&""),"")=1,IFERROR(VALUE(I22&""),"")=2,IFERROR(VALUE(I22&""),"")=3))))),1,0)
A23: E2 | B23: Conclusion | C23: Close | D23: Must | E23: The conclusion matches the findings | F23: The conclusion is consistent with the findings and their significance. Use N/A when E1 is 0. Do not also score 0 here. A favourable conclusion over an open high finding, with no explanation, scores 0. | G23: ="14.5 "&INDEX('6. Standards'!$B$5:$B$21,MATCH("14.5",'6. Standards'!$A$5:$A$21,0))&" — "&INDEX('6. Standards'!$C$5:$C$21,MATCH("14.5",'6. Standards'!$A$5:$A$21,0)) | H23: =IF(OR(INDEX($I$6:$I$47,MATCH("E1",$A$6:$A$47,0))=0,INDEX($I$6:$I$47,MATCH("E1",$A$6:$A$47,0))="0"),"Off. "&INDEX($A$6:$A$47,MATCH("E1",$A$6:$A$47,0))&" is 0, so the missing conclusion is not scored again.","On. If "&INDEX($A$6:$A$47,MATCH("E1",$A$6:$A$47,0))&" is 0, leave this line and the formula will switch it off. "&INDEX($A$6:$A$47,MATCH("E1",$A$6:$A$47,0))&" is "&IF(INDEX($I$6:$I$47,MATCH("E1",$A$6:$A$47,0))="","blank",INDEX($I$6:$I$47,MATCH("E1",$A$6:$A$47,0)))&".") | L23: Yes | M23: No | N23: =IF(OR(OR(AA23,AND(UPPER(TRIM(I23&""))="N/A",L23="Yes"),AND(UPPER(TRIM(I23&""))="NOT TESTED",M23="Yes")),OR(AND(UPPER(TRIM(I23&""))="N/A",L23<>"Yes"),AND(UPPER(TRIM(I23&""))="NOT TESTED",M23<>"Yes"),AND(NOT(I23=""),NOT(UPPER(TRIM(I23&""))="N/A"),NOT(UPPER(TRIM(I23&""))="NOT TESTED"),NOT(AND(ISNUMBER(IFERROR(VALUE(I23&""),"")),OR(IFERROR(VALUE(I23&""),"")=0,IFERROR(VALUE(I23&""),"")=1,IFERROR(VALUE(I23&""),"")=2,IFERROR(VALUE(I23&""),"")=3)))))),0,IF(AND(ISNUMBER(IFERROR(VALUE(I23&""),"")),OR(IFERROR(VALUE(I23&""),"")=0,IFERROR(VALUE(I23&""),"")=1,IFERROR(VALUE(I23&""),"")=2,IFERROR(VALUE(I23&""),"")=3)),IFERROR(VALUE(I23&""),"")*IF(D23="Must",2,1),0)) | O23: =IF(OR(AA23,AND(UPPER(TRIM(I23&""))="N/A",L23="Yes"),AND(UPPER(TRIM(I23&""))="NOT TESTED",M23="Yes")),0,IF(OR(OR(AND(UPPER(TRIM(I23&""))="N/A",L23<>"Yes"),AND(UPPER(TRIM(I23&""))="NOT TESTED",M23<>"Yes"),AND(NOT(I23=""),NOT(UPPER(TRIM(I23&""))="N/A"),NOT(UPPER(TRIM(I23&""))="NOT TESTED"),NOT(AND(ISNUMBER(IFERROR(VALUE(I23&""),"")),OR(IFERROR(VALUE(I23&""),"")=0,IFERROR(VALUE(I23&""),"")=1,IFERROR(VALUE(I23&""),"")=2,IFERROR(VALUE(I23&""),"")=3))))),AND(ISNUMBER(IFERROR(VALUE(I23&""),"")),OR(IFERROR(VALUE(I23&""),"")=0,IFERROR(VALUE(I23&""),"")=1,IFERROR(VALUE(I23&""),"")=2,IFERROR(VALUE(I23&""),"")=3))),3*IF(D23="Must",2,1),0)) | P23: =IF(OR(AA23,NOT(AND(D23="Must",ISNUMBER(X23),X23=0))),0,1) | Q23: =IF(OR(AA23,NOT(AND(D23="Must",ISNUMBER(X23),X23=1))),0,1) | R23: =IF(AND(NOT(AA23),D23="Must",I23=""),1,0) | S23: =IF(AND(NOT(AA23),UPPER(TRIM(I23&""))="N/A",L23<>"Yes"),1,0) | T23: =IF(AND(NOT(AA23),UPPER(TRIM(I23&""))="NOT TESTED",M23<>"Yes"),1,0) | U23: =IF(OR(AA23,NOT(AND(D23="Should",ISNUMBER(X23),X23=0))),0,1) | V23: =IF(OR(AA23,NOT(AND(D23="Should",ISNUMBER(X23),X23=1))),0,1) | W23: =IF(OR(I23="",AA23),0,1) | X23: =IF(I23="","",IF(UPPER(TRIM(I23&""))="N/A","N/A",IF(UPPER(TRIM(I23&""))="NOT TESTED","NT",IF(AND(ISNUMBER(IFERROR(VALUE(I23&""),"")),OR(IFERROR(VALUE(I23&""),"")=0,IFERROR(VALUE(I23&""),"")=1,IFERROR(VALUE(I23&""),"")=2,IFERROR(VALUE(I23&""),"")=3)),IFERROR(VALUE(I23&""),""),"BAD")))) | Y23: =IF(OR(AA23,NOT(OR(AND(D23="Must",I23="",SUM($W$6:$W$47)>0),AND(ISNUMBER(X23),X23<2),AND(UPPER(TRIM(I23&""))="N/A",L23<>"Yes"),AND(UPPER(TRIM(I23&""))="NOT TESTED",M23<>"Yes"),AND(NOT(I23=""),NOT(UPPER(TRIM(I23&""))="N/A"),NOT(UPPER(TRIM(I23&""))="NOT TESTED"),NOT(AND(ISNUMBER(IFERROR(VALUE(I23&""),"")),OR(IFERROR(VALUE(I23&""),"")=0,IFERROR(VALUE(I23&""),"")=1,IFERROR(VALUE(I23&""),"")=2,IFERROR(VALUE(I23&""),"")=3))))))),0,1) | Z23: =IF(Y23=1,COUNTIF($Y$6:Y23,1),0) | AA23: =OR(AND(LEFT(A23,1)="O",EngagementType<>"Overall opinion"),AND(A23="G3",StandardsEra="Before 9 January 2025"),AND(A23="E2",OR(INDEX($I$6:$I$47,MATCH("E1",$A$6:$A$47,0))=0,INDEX($I$6:$I$47,MATCH("E1",$A$6:$A$47,0))="0")),AND(A23="B2",UPPER(TRIM(INDEX($I$6:$I$47,MATCH("B1",$A$6:$A$47,0))&""))="N/A"),AND(OR(A23="D1",A23="D2",A23="D3",A23="D4",A23="D5"),UPPER(TRIM(INDEX($I$6:$I$47,MATCH("C1",$A$6:$A$47,0))&""))="N/A")) | AB23: 14.5 | AC23: =IF(AND(NOT(AA23),AND(NOT(I23=""),NOT(UPPER(TRIM(I23&""))="N/A"),NOT(UPPER(TRIM(I23&""))="NOT TESTED"),NOT(AND(ISNUMBER(IFERROR(VALUE(I23&""),"")),OR(IFERROR(VALUE(I23&""),"")=0,IFERROR(VALUE(I23&""),"")=1,IFERROR(VALUE(I23&""),"")=2,IFERROR(VALUE(I23&""),"")=3))))),1,0)
A24: F1 | B24: Communication quality | C24: Close | D24: Must | E24: Accurate | F24: Free from error and distortion, and faithful to the facts. Names, figures, dates, and ratings that the report does show agree with each other. Do not score 0 only because a knowledge copy redacted a figure. Do score 0 or 1 when two figures in the report contradict each other. | G24: ="15.1 "&INDEX('6. Standards'!$B$5:$B$21,MATCH("15.1",'6. Standards'!$A$5:$A$21,0))&" — "&INDEX('6. Standards'!$C$5:$C$21,MATCH("15.1",'6. Standards'!$A$5:$A$21,0))&CHAR(10)&"11.2 "&INDEX('6. Standards'!$B$5:$B$21,MATCH("11.2",'6. Standards'!$A$5:$A$21,0))&" — "&INDEX('6. Standards'!$C$5:$C$21,MATCH("11.2",'6. Standards'!$A$5:$A$21,0)) | H24: ="No other line switches this off." | L24: No | M24: No | N24: =IF(OR(OR(AA24,AND(UPPER(TRIM(I24&""))="N/A",L24="Yes"),AND(UPPER(TRIM(I24&""))="NOT TESTED",M24="Yes")),OR(AND(UPPER(TRIM(I24&""))="N/A",L24<>"Yes"),AND(UPPER(TRIM(I24&""))="NOT TESTED",M24<>"Yes"),AND(NOT(I24=""),NOT(UPPER(TRIM(I24&""))="N/A"),NOT(UPPER(TRIM(I24&""))="NOT TESTED"),NOT(AND(ISNUMBER(IFERROR(VALUE(I24&""),"")),OR(IFERROR(VALUE(I24&""),"")=0,IFERROR(VALUE(I24&""),"")=1,IFERROR(VALUE(I24&""),"")=2,IFERROR(VALUE(I24&""),"")=3)))))),0,IF(AND(ISNUMBER(IFERROR(VALUE(I24&""),"")),OR(IFERROR(VALUE(I24&""),"")=0,IFERROR(VALUE(I24&""),"")=1,IFERROR(VALUE(I24&""),"")=2,IFERROR(VALUE(I24&""),"")=3)),IFERROR(VALUE(I24&""),"")*IF(D24="Must",2,1),0)) | O24: =IF(OR(AA24,AND(UPPER(TRIM(I24&""))="N/A",L24="Yes"),AND(UPPER(TRIM(I24&""))="NOT TESTED",M24="Yes")),0,IF(OR(OR(AND(UPPER(TRIM(I24&""))="N/A",L24<>"Yes"),AND(UPPER(TRIM(I24&""))="NOT TESTED",M24<>"Yes"),AND(NOT(I24=""),NOT(UPPER(TRIM(I24&""))="N/A"),NOT(UPPER(TRIM(I24&""))="NOT TESTED"),NOT(AND(ISNUMBER(IFERROR(VALUE(I24&""),"")),OR(IFERROR(VALUE(I24&""),"")=0,IFERROR(VALUE(I24&""),"")=1,IFERROR(VALUE(I24&""),"")=2,IFERROR(VALUE(I24&""),"")=3))))),AND(ISNUMBER(IFERROR(VALUE(I24&""),"")),OR(IFERROR(VALUE(I24&""),"")=0,IFERROR(VALUE(I24&""),"")=1,IFERROR(VALUE(I24&""),"")=2,IFERROR(VALUE(I24&""),"")=3))),3*IF(D24="Must",2,1),0)) | P24: =IF(OR(AA24,NOT(AND(D24="Must",ISNUMBER(X24),X24=0))),0,1) | Q24: =IF(OR(AA24,NOT(AND(D24="Must",ISNUMBER(X24),X24=1))),0,1) | R24: =IF(AND(NOT(AA24),D24="Must",I24=""),1,0) | S24: =IF(AND(NOT(AA24),UPPER(TRIM(I24&""))="N/A",L24<>"Yes"),1,0) | T24: =IF(AND(NOT(AA24),UPPER(TRIM(I24&""))="NOT TESTED",M24<>"Yes"),1,0) | U24: =IF(OR(AA24,NOT(AND(D24="Should",ISNUMBER(X24),X24=0))),0,1) | V24: =IF(OR(AA24,NOT(AND(D24="Should",ISNUMBER(X24),X24=1))),0,1) | W24: =IF(OR(I24="",AA24),0,1) | X24: =IF(I24="","",IF(UPPER(TRIM(I24&""))="N/A","N/A",IF(UPPER(TRIM(I24&""))="NOT TESTED","NT",IF(AND(ISNUMBER(IFERROR(VALUE(I24&""),"")),OR(IFERROR(VALUE(I24&""),"")=0,IFERROR(VALUE(I24&""),"")=1,IFERROR(VALUE(I24&""),"")=2,IFERROR(VALUE(I24&""),"")=3)),IFERROR(VALUE(I24&""),""),"BAD")))) | Y24: =IF(OR(AA24,NOT(OR(AND(D24="Must",I24="",SUM($W$6:$W$47)>0),AND(ISNUMBER(X24),X24<2),AND(UPPER(TRIM(I24&""))="N/A",L24<>"Yes"),AND(UPPER(TRIM(I24&""))="NOT TESTED",M24<>"Yes"),AND(NOT(I24=""),NOT(UPPER(TRIM(I24&""))="N/A"),NOT(UPPER(TRIM(I24&""))="NOT TESTED"),NOT(AND(ISNUMBER(IFERROR(VALUE(I24&""),"")),OR(IFERROR(VALUE(I24&""),"")=0,IFERROR(VALUE(I24&""),"")=1,IFERROR(VALUE(I24&""),"")=2,IFERROR(VALUE(I24&""),"")=3))))))),0,1) | Z24: =IF(Y24=1,COUNTIF($Y$6:Y24,1),0) | AA24: =OR(AND(LEFT(A24,1)="O",EngagementType<>"Overall opinion"),AND(A24="G3",StandardsEra="Before 9 January 2025"),AND(A24="E2",OR(INDEX($I$6:$I$47,MATCH("E1",$A$6:$A$47,0))=0,INDEX($I$6:$I$47,MATCH("E1",$A$6:$A$47,0))="0")),AND(A24="B2",UPPER(TRIM(INDEX($I$6:$I$47,MATCH("B1",$A$6:$A$47,0))&""))="N/A"),AND(OR(A24="D1",A24="D2",A24="D3",A24="D4",A24="D5"),UPPER(TRIM(INDEX($I$6:$I$47,MATCH("C1",$A$6:$A$47,0))&""))="N/A")) | AB24: 15.1;11.2 | AC24: =IF(AND(NOT(AA24),AND(NOT(I24=""),NOT(UPPER(TRIM(I24&""))="N/A"),NOT(UPPER(TRIM(I24&""))="NOT TESTED"),NOT(AND(ISNUMBER(IFERROR(VALUE(I24&""),"")),OR(IFERROR(VALUE(I24&""),"")=0,IFERROR(VALUE(I24&""),"")=1,IFERROR(VALUE(I24&""),"")=2,IFERROR(VALUE(I24&""),"")=3))))),1,0)
A25: F2 | B25: Communication quality | C25: Close | D25: Must | E25: Objective | F25: Impartial, and the result of a fair assessment of the relevant facts. The tone does not advocate or blame. Contrary evidence is not left out. | G25: ="15.1 "&INDEX('6. Standards'!$B$5:$B$21,MATCH("15.1",'6. Standards'!$A$5:$A$21,0))&" — "&INDEX('6. Standards'!$C$5:$C$21,MATCH("15.1",'6. Standards'!$A$5:$A$21,0))&CHAR(10)&"11.2 "&INDEX('6. Standards'!$B$5:$B$21,MATCH("11.2",'6. Standards'!$A$5:$A$21,0))&" — "&INDEX('6. Standards'!$C$5:$C$21,MATCH("11.2",'6. Standards'!$A$5:$A$21,0))&CHAR(10)&"P2 "&INDEX('6. Standards'!$B$5:$B$21,MATCH("P2",'6. Standards'!$A$5:$A$21,0))&" — "&INDEX('6. Standards'!$C$5:$C$21,MATCH("P2",'6. Standards'!$A$5:$A$21,0)) | H25: ="No other line switches this off." | L25: No | M25: No | N25: =IF(OR(OR(AA25,AND(UPPER(TRIM(I25&""))="N/A",L25="Yes"),AND(UPPER(TRIM(I25&""))="NOT TESTED",M25="Yes")),OR(AND(UPPER(TRIM(I25&""))="N/A",L25<>"Yes"),AND(UPPER(TRIM(I25&""))="NOT TESTED",M25<>"Yes"),AND(NOT(I25=""),NOT(UPPER(TRIM(I25&""))="N/A"),NOT(UPPER(TRIM(I25&""))="NOT TESTED"),NOT(AND(ISNUMBER(IFERROR(VALUE(I25&""),"")),OR(IFERROR(VALUE(I25&""),"")=0,IFERROR(VALUE(I25&""),"")=1,IFERROR(VALUE(I25&""),"")=2,IFERROR(VALUE(I25&""),"")=3)))))),0,IF(AND(ISNUMBER(IFERROR(VALUE(I25&""),"")),OR(IFERROR(VALUE(I25&""),"")=0,IFERROR(VALUE(I25&""),"")=1,IFERROR(VALUE(I25&""),"")=2,IFERROR(VALUE(I25&""),"")=3)),IFERROR(VALUE(I25&""),"")*IF(D25="Must",2,1),0)) | O25: =IF(OR(AA25,AND(UPPER(TRIM(I25&""))="N/A",L25="Yes"),AND(UPPER(TRIM(I25&""))="NOT TESTED",M25="Yes")),0,IF(OR(OR(AND(UPPER(TRIM(I25&""))="N/A",L25<>"Yes"),AND(UPPER(TRIM(I25&""))="NOT TESTED",M25<>"Yes"),AND(NOT(I25=""),NOT(UPPER(TRIM(I25&""))="N/A"),NOT(UPPER(TRIM(I25&""))="NOT TESTED"),NOT(AND(ISNUMBER(IFERROR(VALUE(I25&""),"")),OR(IFERROR(VALUE(I25&""),"")=0,IFERROR(VALUE(I25&""),"")=1,IFERROR(VALUE(I25&""),"")=2,IFERROR(VALUE(I25&""),"")=3))))),AND(ISNUMBER(IFERROR(VALUE(I25&""),"")),OR(IFERROR(VALUE(I25&""),"")=0,IFERROR(VALUE(I25&""),"")=1,IFERROR(VALUE(I25&""),"")=2,IFERROR(VALUE(I25&""),"")=3))),3*IF(D25="Must",2,1),0)) | P25: =IF(OR(AA25,NOT(AND(D25="Must",ISNUMBER(X25),X25=0))),0,1) | Q25: =IF(OR(AA25,NOT(AND(D25="Must",ISNUMBER(X25),X25=1))),0,1) | R25: =IF(AND(NOT(AA25),D25="Must",I25=""),1,0) | S25: =IF(AND(NOT(AA25),UPPER(TRIM(I25&""))="N/A",L25<>"Yes"),1,0) | T25: =IF(AND(NOT(AA25),UPPER(TRIM(I25&""))="NOT TESTED",M25<>"Yes"),1,0) | U25: =IF(OR(AA25,NOT(AND(D25="Should",ISNUMBER(X25),X25=0))),0,1) | V25: =IF(OR(AA25,NOT(AND(D25="Should",ISNUMBER(X25),X25=1))),0,1) | W25: =IF(OR(I25="",AA25),0,1) | X25: =IF(I25="","",IF(UPPER(TRIM(I25&""))="N/A","N/A",IF(UPPER(TRIM(I25&""))="NOT TESTED","NT",IF(AND(ISNUMBER(IFERROR(VALUE(I25&""),"")),OR(IFERROR(VALUE(I25&""),"")=0,IFERROR(VALUE(I25&""),"")=1,IFERROR(VALUE(I25&""),"")=2,IFERROR(VALUE(I25&""),"")=3)),IFERROR(VALUE(I25&""),""),"BAD")))) | Y25: =IF(OR(AA25,NOT(OR(AND(D25="Must",I25="",SUM($W$6:$W$47)>0),AND(ISNUMBER(X25),X25<2),AND(UPPER(TRIM(I25&""))="N/A",L25<>"Yes"),AND(UPPER(TRIM(I25&""))="NOT TESTED",M25<>"Yes"),AND(NOT(I25=""),NOT(UPPER(TRIM(I25&""))="N/A"),NOT(UPPER(TRIM(I25&""))="NOT TESTED"),NOT(AND(ISNUMBER(IFERROR(VALUE(I25&""),"")),OR(IFERROR(VALUE(I25&""),"")=0,IFERROR(VALUE(I25&""),"")=1,IFERROR(VALUE(I25&""),"")=2,IFERROR(VALUE(I25&""),"")=3))))))),0,1) | Z25: =IF(Y25=1,COUNTIF($Y$6:Y25,1),0) | AA25: =OR(AND(LEFT(A25,1)="O",EngagementType<>"Overall opinion"),AND(A25="G3",StandardsEra="Before 9 January 2025"),AND(A25="E2",OR(INDEX($I$6:$I$47,MATCH("E1",$A$6:$A$47,0))=0,INDEX($I$6:$I$47,MATCH("E1",$A$6:$A$47,0))="0")),AND(A25="B2",UPPER(TRIM(INDEX($I$6:$I$47,MATCH("B1",$A$6:$A$47,0))&""))="N/A"),AND(OR(A25="D1",A25="D2",A25="D3",A25="D4",A25="D5"),UPPER(TRIM(INDEX($I$6:$I$47,MATCH("C1",$A$6:$A$47,0))&""))="N/A")) | AB25: 15.1;11.2;P2 | AC25: =IF(AND(NOT(AA25),AND(NOT(I25=""),NOT(UPPER(TRIM(I25&""))="N/A"),NOT(UPPER(TRIM(I25&""))="NOT TESTED"),NOT(AND(ISNUMBER(IFERROR(VALUE(I25&""),"")),OR(IFERROR(VALUE(I25&""),"")=0,IFERROR(VALUE(I25&""),"")=1,IFERROR(VALUE(I25&""),"")=2,IFERROR(VALUE(I25&""),"")=3))))),1,0)
A26: F3 | B26: Communication quality | C26: Close | D26: Must | E26: Clear | F26: Logical, and understood by the intended reader. Uncommon terms are explained. Significant detail that supports the findings is included. | G26: ="15.1 "&INDEX('6. Standards'!$B$5:$B$21,MATCH("15.1",'6. Standards'!$A$5:$A$21,0))&" — "&INDEX('6. Standards'!$C$5:$C$21,MATCH("15.1",'6. Standards'!$A$5:$A$21,0))&CHAR(10)&"11.2 "&INDEX('6. Standards'!$B$5:$B$21,MATCH("11.2",'6. Standards'!$A$5:$A$21,0))&" — "&INDEX('6. Standards'!$C$5:$C$21,MATCH("11.2",'6. Standards'!$A$5:$A$21,0)) | H26: ="No other line switches this off." | L26: No | M26: No | N26: =IF(OR(OR(AA26,AND(UPPER(TRIM(I26&""))="N/A",L26="Yes"),AND(UPPER(TRIM(I26&""))="NOT TESTED",M26="Yes")),OR(AND(UPPER(TRIM(I26&""))="N/A",L26<>"Yes"),AND(UPPER(TRIM(I26&""))="NOT TESTED",M26<>"Yes"),AND(NOT(I26=""),NOT(UPPER(TRIM(I26&""))="N/A"),NOT(UPPER(TRIM(I26&""))="NOT TESTED"),NOT(AND(ISNUMBER(IFERROR(VALUE(I26&""),"")),OR(IFERROR(VALUE(I26&""),"")=0,IFERROR(VALUE(I26&""),"")=1,IFERROR(VALUE(I26&""),"")=2,IFERROR(VALUE(I26&""),"")=3)))))),0,IF(AND(ISNUMBER(IFERROR(VALUE(I26&""),"")),OR(IFERROR(VALUE(I26&""),"")=0,IFERROR(VALUE(I26&""),"")=1,IFERROR(VALUE(I26&""),"")=2,IFERROR(VALUE(I26&""),"")=3)),IFERROR(VALUE(I26&""),"")*IF(D26="Must",2,1),0)) | O26: =IF(OR(AA26,AND(UPPER(TRIM(I26&""))="N/A",L26="Yes"),AND(UPPER(TRIM(I26&""))="NOT TESTED",M26="Yes")),0,IF(OR(OR(AND(UPPER(TRIM(I26&""))="N/A",L26<>"Yes"),AND(UPPER(TRIM(I26&""))="NOT TESTED",M26<>"Yes"),AND(NOT(I26=""),NOT(UPPER(TRIM(I26&""))="N/A"),NOT(UPPER(TRIM(I26&""))="NOT TESTED"),NOT(AND(ISNUMBER(IFERROR(VALUE(I26&""),"")),OR(IFERROR(VALUE(I26&""),"")=0,IFERROR(VALUE(I26&""),"")=1,IFERROR(VALUE(I26&""),"")=2,IFERROR(VALUE(I26&""),"")=3))))),AND(ISNUMBER(IFERROR(VALUE(I26&""),"")),OR(IFERROR(VALUE(I26&""),"")=0,IFERROR(VALUE(I26&""),"")=1,IFERROR(VALUE(I26&""),"")=2,IFERROR(VALUE(I26&""),"")=3))),3*IF(D26="Must",2,1),0)) | P26: =IF(OR(AA26,NOT(AND(D26="Must",ISNUMBER(X26),X26=0))),0,1) | Q26: =IF(OR(AA26,NOT(AND(D26="Must",ISNUMBER(X26),X26=1))),0,1) | R26: =IF(AND(NOT(AA26),D26="Must",I26=""),1,0) | S26: =IF(AND(NOT(AA26),UPPER(TRIM(I26&""))="N/A",L26<>"Yes"),1,0) | T26: =IF(AND(NOT(AA26),UPPER(TRIM(I26&""))="NOT TESTED",M26<>"Yes"),1,0) | U26: =IF(OR(AA26,NOT(AND(D26="Should",ISNUMBER(X26),X26=0))),0,1) | V26: =IF(OR(AA26,NOT(AND(D26="Should",ISNUMBER(X26),X26=1))),0,1) | W26: =IF(OR(I26="",AA26),0,1) | X26: =IF(I26="","",IF(UPPER(TRIM(I26&""))="N/A","N/A",IF(UPPER(TRIM(I26&""))="NOT TESTED","NT",IF(AND(ISNUMBER(IFERROR(VALUE(I26&""),"")),OR(IFERROR(VALUE(I26&""),"")=0,IFERROR(VALUE(I26&""),"")=1,IFERROR(VALUE(I26&""),"")=2,IFERROR(VALUE(I26&""),"")=3)),IFERROR(VALUE(I26&""),""),"BAD")))) | Y26: =IF(OR(AA26,NOT(OR(AND(D26="Must",I26="",SUM($W$6:$W$47)>0),AND(ISNUMBER(X26),X26<2),AND(UPPER(TRIM(I26&""))="N/A",L26<>"Yes"),AND(UPPER(TRIM(I26&""))="NOT TESTED",M26<>"Yes"),AND(NOT(I26=""),NOT(UPPER(TRIM(I26&""))="N/A"),NOT(UPPER(TRIM(I26&""))="NOT TESTED"),NOT(AND(ISNUMBER(IFERROR(VALUE(I26&""),"")),OR(IFERROR(VALUE(I26&""),"")=0,IFERROR(VALUE(I26&""),"")=1,IFERROR(VALUE(I26&""),"")=2,IFERROR(VALUE(I26&""),"")=3))))))),0,1) | Z26: =IF(Y26=1,COUNTIF($Y$6:Y26,1),0) | AA26: =OR(AND(LEFT(A26,1)="O",EngagementType<>"Overall opinion"),AND(A26="G3",StandardsEra="Before 9 January 2025"),AND(A26="E2",OR(INDEX($I$6:$I$47,MATCH("E1",$A$6:$A$47,0))=0,INDEX($I$6:$I$47,MATCH("E1",$A$6:$A$47,0))="0")),AND(A26="B2",UPPER(TRIM(INDEX($I$6:$I$47,MATCH("B1",$A$6:$A$47,0))&""))="N/A"),AND(OR(A26="D1",A26="D2",A26="D3",A26="D4",A26="D5"),UPPER(TRIM(INDEX($I$6:$I$47,MATCH("C1",$A$6:$A$47,0))&""))="N/A")) | AB26: 15.1;11.2 | AC26: =IF(AND(NOT(AA26),AND(NOT(I26=""),NOT(UPPER(TRIM(I26&""))="N/A"),NOT(UPPER(TRIM(I26&""))="NOT TESTED"),NOT(AND(ISNUMBER(IFERROR(VALUE(I26&""),"")),OR(IFERROR(VALUE(I26&""),"")=0,IFERROR(VALUE(I26&""),"")=1,IFERROR(VALUE(I26&""),"")=2,IFERROR(VALUE(I26&""),"")=3))))),1,0)
A27: F4 | B27: Communication quality | C27: Close | D27: Must | E27: Concise | F27: Free of unnecessary detail and repetition. Standard paragraphs that do not change the result score 1 when they crowd the report. | G27: ="15.1 "&INDEX('6. Standards'!$B$5:$B$21,MATCH("15.1",'6. Standards'!$A$5:$A$21,0))&" — "&INDEX('6. Standards'!$C$5:$C$21,MATCH("15.1",'6. Standards'!$A$5:$A$21,0))&CHAR(10)&"11.2 "&INDEX('6. Standards'!$B$5:$B$21,MATCH("11.2",'6. Standards'!$A$5:$A$21,0))&" — "&INDEX('6. Standards'!$C$5:$C$21,MATCH("11.2",'6. Standards'!$A$5:$A$21,0)) | H27: ="No other line switches this off." | L27: No | M27: No | N27: =IF(OR(OR(AA27,AND(UPPER(TRIM(I27&""))="N/A",L27="Yes"),AND(UPPER(TRIM(I27&""))="NOT TESTED",M27="Yes")),OR(AND(UPPER(TRIM(I27&""))="N/A",L27<>"Yes"),AND(UPPER(TRIM(I27&""))="NOT TESTED",M27<>"Yes"),AND(NOT(I27=""),NOT(UPPER(TRIM(I27&""))="N/A"),NOT(UPPER(TRIM(I27&""))="NOT TESTED"),NOT(AND(ISNUMBER(IFERROR(VALUE(I27&""),"")),OR(IFERROR(VALUE(I27&""),"")=0,IFERROR(VALUE(I27&""),"")=1,IFERROR(VALUE(I27&""),"")=2,IFERROR(VALUE(I27&""),"")=3)))))),0,IF(AND(ISNUMBER(IFERROR(VALUE(I27&""),"")),OR(IFERROR(VALUE(I27&""),"")=0,IFERROR(VALUE(I27&""),"")=1,IFERROR(VALUE(I27&""),"")=2,IFERROR(VALUE(I27&""),"")=3)),IFERROR(VALUE(I27&""),"")*IF(D27="Must",2,1),0)) | O27: =IF(OR(AA27,AND(UPPER(TRIM(I27&""))="N/A",L27="Yes"),AND(UPPER(TRIM(I27&""))="NOT TESTED",M27="Yes")),0,IF(OR(OR(AND(UPPER(TRIM(I27&""))="N/A",L27<>"Yes"),AND(UPPER(TRIM(I27&""))="NOT TESTED",M27<>"Yes"),AND(NOT(I27=""),NOT(UPPER(TRIM(I27&""))="N/A"),NOT(UPPER(TRIM(I27&""))="NOT TESTED"),NOT(AND(ISNUMBER(IFERROR(VALUE(I27&""),"")),OR(IFERROR(VALUE(I27&""),"")=0,IFERROR(VALUE(I27&""),"")=1,IFERROR(VALUE(I27&""),"")=2,IFERROR(VALUE(I27&""),"")=3))))),AND(ISNUMBER(IFERROR(VALUE(I27&""),"")),OR(IFERROR(VALUE(I27&""),"")=0,IFERROR(VALUE(I27&""),"")=1,IFERROR(VALUE(I27&""),"")=2,IFERROR(VALUE(I27&""),"")=3))),3*IF(D27="Must",2,1),0)) | P27: =IF(OR(AA27,NOT(AND(D27="Must",ISNUMBER(X27),X27=0))),0,1) | Q27: =IF(OR(AA27,NOT(AND(D27="Must",ISNUMBER(X27),X27=1))),0,1) | R27: =IF(AND(NOT(AA27),D27="Must",I27=""),1,0) | S27: =IF(AND(NOT(AA27),UPPER(TRIM(I27&""))="N/A",L27<>"Yes"),1,0) | T27: =IF(AND(NOT(AA27),UPPER(TRIM(I27&""))="NOT TESTED",M27<>"Yes"),1,0) | U27: =IF(OR(AA27,NOT(AND(D27="Should",ISNUMBER(X27),X27=0))),0,1) | V27: =IF(OR(AA27,NOT(AND(D27="Should",ISNUMBER(X27),X27=1))),0,1) | W27: =IF(OR(I27="",AA27),0,1) | X27: =IF(I27="","",IF(UPPER(TRIM(I27&""))="N/A","N/A",IF(UPPER(TRIM(I27&""))="NOT TESTED","NT",IF(AND(ISNUMBER(IFERROR(VALUE(I27&""),"")),OR(IFERROR(VALUE(I27&""),"")=0,IFERROR(VALUE(I27&""),"")=1,IFERROR(VALUE(I27&""),"")=2,IFERROR(VALUE(I27&""),"")=3)),IFERROR(VALUE(I27&""),""),"BAD")))) | Y27: =IF(OR(AA27,NOT(OR(AND(D27="Must",I27="",SUM($W$6:$W$47)>0),AND(ISNUMBER(X27),X27<2),AND(UPPER(TRIM(I27&""))="N/A",L27<>"Yes"),AND(UPPER(TRIM(I27&""))="NOT TESTED",M27<>"Yes"),AND(NOT(I27=""),NOT(UPPER(TRIM(I27&""))="N/A"),NOT(UPPER(TRIM(I27&""))="NOT TESTED"),NOT(AND(ISNUMBER(IFERROR(VALUE(I27&""),"")),OR(IFERROR(VALUE(I27&""),"")=0,IFERROR(VALUE(I27&""),"")=1,IFERROR(VALUE(I27&""),"")=2,IFERROR(VALUE(I27&""),"")=3))))))),0,1) | Z27: =IF(Y27=1,COUNTIF($Y$6:Y27,1),0) | AA27: =OR(AND(LEFT(A27,1)="O",EngagementType<>"Overall opinion"),AND(A27="G3",StandardsEra="Before 9 January 2025"),AND(A27="E2",OR(INDEX($I$6:$I$47,MATCH("E1",$A$6:$A$47,0))=0,INDEX($I$6:$I$47,MATCH("E1",$A$6:$A$47,0))="0")),AND(A27="B2",UPPER(TRIM(INDEX($I$6:$I$47,MATCH("B1",$A$6:$A$47,0))&""))="N/A"),AND(OR(A27="D1",A27="D2",A27="D3",A27="D4",A27="D5"),UPPER(TRIM(INDEX($I$6:$I$47,MATCH("C1",$A$6:$A$47,0))&""))="N/A")) | AB27: 15.1;11.2 | AC27: =IF(AND(NOT(AA27),AND(NOT(I27=""),NOT(UPPER(TRIM(I27&""))="N/A"),NOT(UPPER(TRIM(I27&""))="NOT TESTED"),NOT(AND(ISNUMBER(IFERROR(VALUE(I27&""),"")),OR(IFERROR(VALUE(I27&""),"")=0,IFERROR(VALUE(I27&""),"")=1,IFERROR(VALUE(I27&""),"")=2,IFERROR(VALUE(I27&""),"")=3))))),1,0)
A28: F5 | B28: Communication quality | C28: Close | D28: Must | E28: Constructive | F28: Helpful to the organisation and enabling improvement. The tone supports collaboration on the action. | G28: ="15.1 "&INDEX('6. Standards'!$B$5:$B$21,MATCH("15.1",'6. Standards'!$A$5:$A$21,0))&" — "&INDEX('6. Standards'!$C$5:$C$21,MATCH("15.1",'6. Standards'!$A$5:$A$21,0))&CHAR(10)&"11.2 "&INDEX('6. Standards'!$B$5:$B$21,MATCH("11.2",'6. Standards'!$A$5:$A$21,0))&" — "&INDEX('6. Standards'!$C$5:$C$21,MATCH("11.2",'6. Standards'!$A$5:$A$21,0)) | H28: ="No other line switches this off." | L28: No | M28: No | N28: =IF(OR(OR(AA28,AND(UPPER(TRIM(I28&""))="N/A",L28="Yes"),AND(UPPER(TRIM(I28&""))="NOT TESTED",M28="Yes")),OR(AND(UPPER(TRIM(I28&""))="N/A",L28<>"Yes"),AND(UPPER(TRIM(I28&""))="NOT TESTED",M28<>"Yes"),AND(NOT(I28=""),NOT(UPPER(TRIM(I28&""))="N/A"),NOT(UPPER(TRIM(I28&""))="NOT TESTED"),NOT(AND(ISNUMBER(IFERROR(VALUE(I28&""),"")),OR(IFERROR(VALUE(I28&""),"")=0,IFERROR(VALUE(I28&""),"")=1,IFERROR(VALUE(I28&""),"")=2,IFERROR(VALUE(I28&""),"")=3)))))),0,IF(AND(ISNUMBER(IFERROR(VALUE(I28&""),"")),OR(IFERROR(VALUE(I28&""),"")=0,IFERROR(VALUE(I28&""),"")=1,IFERROR(VALUE(I28&""),"")=2,IFERROR(VALUE(I28&""),"")=3)),IFERROR(VALUE(I28&""),"")*IF(D28="Must",2,1),0)) | O28: =IF(OR(AA28,AND(UPPER(TRIM(I28&""))="N/A",L28="Yes"),AND(UPPER(TRIM(I28&""))="NOT TESTED",M28="Yes")),0,IF(OR(OR(AND(UPPER(TRIM(I28&""))="N/A",L28<>"Yes"),AND(UPPER(TRIM(I28&""))="NOT TESTED",M28<>"Yes"),AND(NOT(I28=""),NOT(UPPER(TRIM(I28&""))="N/A"),NOT(UPPER(TRIM(I28&""))="NOT TESTED"),NOT(AND(ISNUMBER(IFERROR(VALUE(I28&""),"")),OR(IFERROR(VALUE(I28&""),"")=0,IFERROR(VALUE(I28&""),"")=1,IFERROR(VALUE(I28&""),"")=2,IFERROR(VALUE(I28&""),"")=3))))),AND(ISNUMBER(IFERROR(VALUE(I28&""),"")),OR(IFERROR(VALUE(I28&""),"")=0,IFERROR(VALUE(I28&""),"")=1,IFERROR(VALUE(I28&""),"")=2,IFERROR(VALUE(I28&""),"")=3))),3*IF(D28="Must",2,1),0)) | P28: =IF(OR(AA28,NOT(AND(D28="Must",ISNUMBER(X28),X28=0))),0,1) | Q28: =IF(OR(AA28,NOT(AND(D28="Must",ISNUMBER(X28),X28=1))),0,1) | R28: =IF(AND(NOT(AA28),D28="Must",I28=""),1,0) | S28: =IF(AND(NOT(AA28),UPPER(TRIM(I28&""))="N/A",L28<>"Yes"),1,0) | T28: =IF(AND(NOT(AA28),UPPER(TRIM(I28&""))="NOT TESTED",M28<>"Yes"),1,0) | U28: =IF(OR(AA28,NOT(AND(D28="Should",ISNUMBER(X28),X28=0))),0,1) | V28: =IF(OR(AA28,NOT(AND(D28="Should",ISNUMBER(X28),X28=1))),0,1) | W28: =IF(OR(I28="",AA28),0,1) | X28: =IF(I28="","",IF(UPPER(TRIM(I28&""))="N/A","N/A",IF(UPPER(TRIM(I28&""))="NOT TESTED","NT",IF(AND(ISNUMBER(IFERROR(VALUE(I28&""),"")),OR(IFERROR(VALUE(I28&""),"")=0,IFERROR(VALUE(I28&""),"")=1,IFERROR(VALUE(I28&""),"")=2,IFERROR(VALUE(I28&""),"")=3)),IFERROR(VALUE(I28&""),""),"BAD")))) | Y28: =IF(OR(AA28,NOT(OR(AND(D28="Must",I28="",SUM($W$6:$W$47)>0),AND(ISNUMBER(X28),X28<2),AND(UPPER(TRIM(I28&""))="N/A",L28<>"Yes"),AND(UPPER(TRIM(I28&""))="NOT TESTED",M28<>"Yes"),AND(NOT(I28=""),NOT(UPPER(TRIM(I28&""))="N/A"),NOT(UPPER(TRIM(I28&""))="NOT TESTED"),NOT(AND(ISNUMBER(IFERROR(VALUE(I28&""),"")),OR(IFERROR(VALUE(I28&""),"")=0,IFERROR(VALUE(I28&""),"")=1,IFERROR(VALUE(I28&""),"")=2,IFERROR(VALUE(I28&""),"")=3))))))),0,1) | Z28: =IF(Y28=1,COUNTIF($Y$6:Y28,1),0) | AA28: =OR(AND(LEFT(A28,1)="O",EngagementType<>"Overall opinion"),AND(A28="G3",StandardsEra="Before 9 January 2025"),AND(A28="E2",OR(INDEX($I$6:$I$47,MATCH("E1",$A$6:$A$47,0))=0,INDEX($I$6:$I$47,MATCH("E1",$A$6:$A$47,0))="0")),AND(A28="B2",UPPER(TRIM(INDEX($I$6:$I$47,MATCH("B1",$A$6:$A$47,0))&""))="N/A"),AND(OR(A28="D1",A28="D2",A28="D3",A28="D4",A28="D5"),UPPER(TRIM(INDEX($I$6:$I$47,MATCH("C1",$A$6:$A$47,0))&""))="N/A")) | AB28: 15.1;11.2 | AC28: =IF(AND(NOT(AA28),AND(NOT(I28=""),NOT(UPPER(TRIM(I28&""))="N/A"),NOT(UPPER(TRIM(I28&""))="NOT TESTED"),NOT(AND(ISNUMBER(IFERROR(VALUE(I28&""),"")),OR(IFERROR(VALUE(I28&""),"")=0,IFERROR(VALUE(I28&""),"")=1,IFERROR(VALUE(I28&""),"")=2,IFERROR(VALUE(I28&""),"")=3))))),1,0)
A29: F6 | B29: Communication quality | C29: Close | D29: Must | E29: Complete | F29: The reader has relevant, reliable, and sufficient information to reach the same conclusion as the auditor. Do not reduce this score only because E1, D2, or D3 is already scored. Judge whether the evidence and reasoning are whole. | G29: ="15.1 "&INDEX('6. Standards'!$B$5:$B$21,MATCH("15.1",'6. Standards'!$A$5:$A$21,0))&" — "&INDEX('6. Standards'!$C$5:$C$21,MATCH("15.1",'6. Standards'!$A$5:$A$21,0))&CHAR(10)&"11.2 "&INDEX('6. Standards'!$B$5:$B$21,MATCH("11.2",'6. Standards'!$A$5:$A$21,0))&" — "&INDEX('6. Standards'!$C$5:$C$21,MATCH("11.2",'6. Standards'!$A$5:$A$21,0)) | H29: ="Do not reduce this score only because "&INDEX($A$6:$A$47,MATCH("E1",$A$6:$A$47,0))&", "&INDEX($A$6:$A$47,MATCH("D2",$A$6:$A$47,0))&" or "&INDEX($A$6:$A$47,MATCH("D3",$A$6:$A$47,0))&" is already scored. Those lines are "&IF(INDEX($I$6:$I$47,MATCH("E1",$A$6:$A$47,0))="","blank",INDEX($I$6:$I$47,MATCH("E1",$A$6:$A$47,0)))&", "&IF(INDEX($I$6:$I$47,MATCH("D2",$A$6:$A$47,0))="","blank",INDEX($I$6:$I$47,MATCH("D2",$A$6:$A$47,0)))&" and "&IF(INDEX($I$6:$I$47,MATCH("D3",$A$6:$A$47,0))="","blank",INDEX($I$6:$I$47,MATCH("D3",$A$6:$A$47,0)))&"." | L29: No | M29: No | N29: =IF(OR(OR(AA29,AND(UPPER(TRIM(I29&""))="N/A",L29="Yes"),AND(UPPER(TRIM(I29&""))="NOT TESTED",M29="Yes")),OR(AND(UPPER(TRIM(I29&""))="N/A",L29<>"Yes"),AND(UPPER(TRIM(I29&""))="NOT TESTED",M29<>"Yes"),AND(NOT(I29=""),NOT(UPPER(TRIM(I29&""))="N/A"),NOT(UPPER(TRIM(I29&""))="NOT TESTED"),NOT(AND(ISNUMBER(IFERROR(VALUE(I29&""),"")),OR(IFERROR(VALUE(I29&""),"")=0,IFERROR(VALUE(I29&""),"")=1,IFERROR(VALUE(I29&""),"")=2,IFERROR(VALUE(I29&""),"")=3)))))),0,IF(AND(ISNUMBER(IFERROR(VALUE(I29&""),"")),OR(IFERROR(VALUE(I29&""),"")=0,IFERROR(VALUE(I29&""),"")=1,IFERROR(VALUE(I29&""),"")=2,IFERROR(VALUE(I29&""),"")=3)),IFERROR(VALUE(I29&""),"")*IF(D29="Must",2,1),0)) | O29: =IF(OR(AA29,AND(UPPER(TRIM(I29&""))="N/A",L29="Yes"),AND(UPPER(TRIM(I29&""))="NOT TESTED",M29="Yes")),0,IF(OR(OR(AND(UPPER(TRIM(I29&""))="N/A",L29<>"Yes"),AND(UPPER(TRIM(I29&""))="NOT TESTED",M29<>"Yes"),AND(NOT(I29=""),NOT(UPPER(TRIM(I29&""))="N/A"),NOT(UPPER(TRIM(I29&""))="NOT TESTED"),NOT(AND(ISNUMBER(IFERROR(VALUE(I29&""),"")),OR(IFERROR(VALUE(I29&""),"")=0,IFERROR(VALUE(I29&""),"")=1,IFERROR(VALUE(I29&""),"")=2,IFERROR(VALUE(I29&""),"")=3))))),AND(ISNUMBER(IFERROR(VALUE(I29&""),"")),OR(IFERROR(VALUE(I29&""),"")=0,IFERROR(VALUE(I29&""),"")=1,IFERROR(VALUE(I29&""),"")=2,IFERROR(VALUE(I29&""),"")=3))),3*IF(D29="Must",2,1),0)) | P29: =IF(OR(AA29,NOT(AND(D29="Must",ISNUMBER(X29),X29=0))),0,1) | Q29: =IF(OR(AA29,NOT(AND(D29="Must",ISNUMBER(X29),X29=1))),0,1) | R29: =IF(AND(NOT(AA29),D29="Must",I29=""),1,0) | S29: =IF(AND(NOT(AA29),UPPER(TRIM(I29&""))="N/A",L29<>"Yes"),1,0) | T29: =IF(AND(NOT(AA29),UPPER(TRIM(I29&""))="NOT TESTED",M29<>"Yes"),1,0) | U29: =IF(OR(AA29,NOT(AND(D29="Should",ISNUMBER(X29),X29=0))),0,1) | V29: =IF(OR(AA29,NOT(AND(D29="Should",ISNUMBER(X29),X29=1))),0,1) | W29: =IF(OR(I29="",AA29),0,1) | X29: =IF(I29="","",IF(UPPER(TRIM(I29&""))="N/A","N/A",IF(UPPER(TRIM(I29&""))="NOT TESTED","NT",IF(AND(ISNUMBER(IFERROR(VALUE(I29&""),"")),OR(IFERROR(VALUE(I29&""),"")=0,IFERROR(VALUE(I29&""),"")=1,IFERROR(VALUE(I29&""),"")=2,IFERROR(VALUE(I29&""),"")=3)),IFERROR(VALUE(I29&""),""),"BAD")))) | Y29: =IF(OR(AA29,NOT(OR(AND(D29="Must",I29="",SUM($W$6:$W$47)>0),AND(ISNUMBER(X29),X29<2),AND(UPPER(TRIM(I29&""))="N/A",L29<>"Yes"),AND(UPPER(TRIM(I29&""))="NOT TESTED",M29<>"Yes"),AND(NOT(I29=""),NOT(UPPER(TRIM(I29&""))="N/A"),NOT(UPPER(TRIM(I29&""))="NOT TESTED"),NOT(AND(ISNUMBER(IFERROR(VALUE(I29&""),"")),OR(IFERROR(VALUE(I29&""),"")=0,IFERROR(VALUE(I29&""),"")=1,IFERROR(VALUE(I29&""),"")=2,IFERROR(VALUE(I29&""),"")=3))))))),0,1) | Z29: =IF(Y29=1,COUNTIF($Y$6:Y29,1),0) | AA29: =OR(AND(LEFT(A29,1)="O",EngagementType<>"Overall opinion"),AND(A29="G3",StandardsEra="Before 9 January 2025"),AND(A29="E2",OR(INDEX($I$6:$I$47,MATCH("E1",$A$6:$A$47,0))=0,INDEX($I$6:$I$47,MATCH("E1",$A$6:$A$47,0))="0")),AND(A29="B2",UPPER(TRIM(INDEX($I$6:$I$47,MATCH("B1",$A$6:$A$47,0))&""))="N/A"),AND(OR(A29="D1",A29="D2",A29="D3",A29="D4",A29="D5"),UPPER(TRIM(INDEX($I$6:$I$47,MATCH("C1",$A$6:$A$47,0))&""))="N/A")) | AB29: 15.1;11.2 | AC29: =IF(AND(NOT(AA29),AND(NOT(I29=""),NOT(UPPER(TRIM(I29&""))="N/A"),NOT(UPPER(TRIM(I29&""))="NOT TESTED"),NOT(AND(ISNUMBER(IFERROR(VALUE(I29&""),"")),OR(IFERROR(VALUE(I29&""),"")=0,IFERROR(VALUE(I29&""),"")=1,IFERROR(VALUE(I29&""),"")=2,IFERROR(VALUE(I29&""),"")=3))))),1,0)
A30: F7 | B30: Communication quality | C30: Close | D30: Must | E30: Timely | F30: Issued in time for management to act, given the significance of the issues. Use Not tested when this copy has no real issue date. | G30: ="15.1 "&INDEX('6. Standards'!$B$5:$B$21,MATCH("15.1",'6. Standards'!$A$5:$A$21,0))&" — "&INDEX('6. Standards'!$C$5:$C$21,MATCH("15.1",'6. Standards'!$A$5:$A$21,0))&CHAR(10)&"11.2 "&INDEX('6. Standards'!$B$5:$B$21,MATCH("11.2",'6. Standards'!$A$5:$A$21,0))&" — "&INDEX('6. Standards'!$C$5:$C$21,MATCH("11.2",'6. Standards'!$A$5:$A$21,0)) | H30: ="No other line switches this off." | L30: No | M30: Yes | N30: =IF(OR(OR(AA30,AND(UPPER(TRIM(I30&""))="N/A",L30="Yes"),AND(UPPER(TRIM(I30&""))="NOT TESTED",M30="Yes")),OR(AND(UPPER(TRIM(I30&""))="N/A",L30<>"Yes"),AND(UPPER(TRIM(I30&""))="NOT TESTED",M30<>"Yes"),AND(NOT(I30=""),NOT(UPPER(TRIM(I30&""))="N/A"),NOT(UPPER(TRIM(I30&""))="NOT TESTED"),NOT(AND(ISNUMBER(IFERROR(VALUE(I30&""),"")),OR(IFERROR(VALUE(I30&""),"")=0,IFERROR(VALUE(I30&""),"")=1,IFERROR(VALUE(I30&""),"")=2,IFERROR(VALUE(I30&""),"")=3)))))),0,IF(AND(ISNUMBER(IFERROR(VALUE(I30&""),"")),OR(IFERROR(VALUE(I30&""),"")=0,IFERROR(VALUE(I30&""),"")=1,IFERROR(VALUE(I30&""),"")=2,IFERROR(VALUE(I30&""),"")=3)),IFERROR(VALUE(I30&""),"")*IF(D30="Must",2,1),0)) | O30: =IF(OR(AA30,AND(UPPER(TRIM(I30&""))="N/A",L30="Yes"),AND(UPPER(TRIM(I30&""))="NOT TESTED",M30="Yes")),0,IF(OR(OR(AND(UPPER(TRIM(I30&""))="N/A",L30<>"Yes"),AND(UPPER(TRIM(I30&""))="NOT TESTED",M30<>"Yes"),AND(NOT(I30=""),NOT(UPPER(TRIM(I30&""))="N/A"),NOT(UPPER(TRIM(I30&""))="NOT TESTED"),NOT(AND(ISNUMBER(IFERROR(VALUE(I30&""),"")),OR(IFERROR(VALUE(I30&""),"")=0,IFERROR(VALUE(I30&""),"")=1,IFERROR(VALUE(I30&""),"")=2,IFERROR(VALUE(I30&""),"")=3))))),AND(ISNUMBER(IFERROR(VALUE(I30&""),"")),OR(IFERROR(VALUE(I30&""),"")=0,IFERROR(VALUE(I30&""),"")=1,IFERROR(VALUE(I30&""),"")=2,IFERROR(VALUE(I30&""),"")=3))),3*IF(D30="Must",2,1),0)) | P30: =IF(OR(AA30,NOT(AND(D30="Must",ISNUMBER(X30),X30=0))),0,1) | Q30: =IF(OR(AA30,NOT(AND(D30="Must",ISNUMBER(X30),X30=1))),0,1) | R30: =IF(AND(NOT(AA30),D30="Must",I30=""),1,0) | S30: =IF(AND(NOT(AA30),UPPER(TRIM(I30&""))="N/A",L30<>"Yes"),1,0) | T30: =IF(AND(NOT(AA30),UPPER(TRIM(I30&""))="NOT TESTED",M30<>"Yes"),1,0) | U30: =IF(OR(AA30,NOT(AND(D30="Should",ISNUMBER(X30),X30=0))),0,1) | V30: =IF(OR(AA30,NOT(AND(D30="Should",ISNUMBER(X30),X30=1))),0,1) | W30: =IF(OR(I30="",AA30),0,1) | X30: =IF(I30="","",IF(UPPER(TRIM(I30&""))="N/A","N/A",IF(UPPER(TRIM(I30&""))="NOT TESTED","NT",IF(AND(ISNUMBER(IFERROR(VALUE(I30&""),"")),OR(IFERROR(VALUE(I30&""),"")=0,IFERROR(VALUE(I30&""),"")=1,IFERROR(VALUE(I30&""),"")=2,IFERROR(VALUE(I30&""),"")=3)),IFERROR(VALUE(I30&""),""),"BAD")))) | Y30: =IF(OR(AA30,NOT(OR(AND(D30="Must",I30="",SUM($W$6:$W$47)>0),AND(ISNUMBER(X30),X30<2),AND(UPPER(TRIM(I30&""))="N/A",L30<>"Yes"),AND(UPPER(TRIM(I30&""))="NOT TESTED",M30<>"Yes"),AND(NOT(I30=""),NOT(UPPER(TRIM(I30&""))="N/A"),NOT(UPPER(TRIM(I30&""))="NOT TESTED"),NOT(AND(ISNUMBER(IFERROR(VALUE(I30&""),"")),OR(IFERROR(VALUE(I30&""),"")=0,IFERROR(VALUE(I30&""),"")=1,IFERROR(VALUE(I30&""),"")=2,IFERROR(VALUE(I30&""),"")=3))))))),0,1) | Z30: =IF(Y30=1,COUNTIF($Y$6:Y30,1),0) | AA30: =OR(AND(LEFT(A30,1)="O",EngagementType<>"Overall opinion"),AND(A30="G3",StandardsEra="Before 9 January 2025"),AND(A30="E2",OR(INDEX($I$6:$I$47,MATCH("E1",$A$6:$A$47,0))=0,INDEX($I$6:$I$47,MATCH("E1",$A$6:$A$47,0))="0")),AND(A30="B2",UPPER(TRIM(INDEX($I$6:$I$47,MATCH("B1",$A$6:$A$47,0))&""))="N/A"),AND(OR(A30="D1",A30="D2",A30="D3",A30="D4",A30="D5"),UPPER(TRIM(INDEX($I$6:$I$47,MATCH("C1",$A$6:$A$47,0))&""))="N/A")) | AB30: 15.1;11.2 | AC30: =IF(AND(NOT(AA30),AND(NOT(I30=""),NOT(UPPER(TRIM(I30&""))="N/A"),NOT(UPPER(TRIM(I30&""))="NOT TESTED"),NOT(AND(ISNUMBER(IFERROR(VALUE(I30&""),"")),OR(IFERROR(VALUE(I30&""),"")=0,IFERROR(VALUE(I30&""),"")=1,IFERROR(VALUE(I30&""),"")=2,IFERROR(VALUE(I30&""),"")=3))))),1,0)
A31: G1 | B31: Issuance | C31: Close | D31: Must | E31: Approved by the chief audit executive before issue | F31: The chief audit executive, or a delegate, approved the communication before issue. The chief audit executive remains responsible. A firm name is not approval. Use Not tested when this review has only the report and the page is silent, or the document is still a draft. Score 0 only when the record shows it was issued without approval. | G31: ="15.1 "&INDEX('6. Standards'!$B$5:$B$21,MATCH("15.1",'6. Standards'!$A$5:$A$21,0))&" — "&INDEX('6. Standards'!$C$5:$C$21,MATCH("15.1",'6. Standards'!$A$5:$A$21,0))&CHAR(10)&"11.3 "&INDEX('6. Standards'!$B$5:$B$21,MATCH("11.3",'6. Standards'!$A$5:$A$21,0))&" — "&INDEX('6. Standards'!$C$5:$C$21,MATCH("11.3",'6. Standards'!$A$5:$A$21,0)) | H31: ="Standard 15.1. Status is "&IF(DocStatus="","not set",DocStatus)&". Evidence in this review is "&IF(EvidenceInHand="","not set",EvidenceInHand)&". Use Not tested when the page is silent." | L31: No | M31: Yes | N31: =IF(OR(OR(AA31,AND(UPPER(TRIM(I31&""))="N/A",L31="Yes"),AND(UPPER(TRIM(I31&""))="NOT TESTED",M31="Yes")),OR(AND(UPPER(TRIM(I31&""))="N/A",L31<>"Yes"),AND(UPPER(TRIM(I31&""))="NOT TESTED",M31<>"Yes"),AND(NOT(I31=""),NOT(UPPER(TRIM(I31&""))="N/A"),NOT(UPPER(TRIM(I31&""))="NOT TESTED"),NOT(AND(ISNUMBER(IFERROR(VALUE(I31&""),"")),OR(IFERROR(VALUE(I31&""),"")=0,IFERROR(VALUE(I31&""),"")=1,IFERROR(VALUE(I31&""),"")=2,IFERROR(VALUE(I31&""),"")=3)))))),0,IF(AND(ISNUMBER(IFERROR(VALUE(I31&""),"")),OR(IFERROR(VALUE(I31&""),"")=0,IFERROR(VALUE(I31&""),"")=1,IFERROR(VALUE(I31&""),"")=2,IFERROR(VALUE(I31&""),"")=3)),IFERROR(VALUE(I31&""),"")*IF(D31="Must",2,1),0)) | O31: =IF(OR(AA31,AND(UPPER(TRIM(I31&""))="N/A",L31="Yes"),AND(UPPER(TRIM(I31&""))="NOT TESTED",M31="Yes")),0,IF(OR(OR(AND(UPPER(TRIM(I31&""))="N/A",L31<>"Yes"),AND(UPPER(TRIM(I31&""))="NOT TESTED",M31<>"Yes"),AND(NOT(I31=""),NOT(UPPER(TRIM(I31&""))="N/A"),NOT(UPPER(TRIM(I31&""))="NOT TESTED"),NOT(AND(ISNUMBER(IFERROR(VALUE(I31&""),"")),OR(IFERROR(VALUE(I31&""),"")=0,IFERROR(VALUE(I31&""),"")=1,IFERROR(VALUE(I31&""),"")=2,IFERROR(VALUE(I31&""),"")=3))))),AND(ISNUMBER(IFERROR(VALUE(I31&""),"")),OR(IFERROR(VALUE(I31&""),"")=0,IFERROR(VALUE(I31&""),"")=1,IFERROR(VALUE(I31&""),"")=2,IFERROR(VALUE(I31&""),"")=3))),3*IF(D31="Must",2,1),0)) | P31: =IF(OR(AA31,NOT(AND(D31="Must",ISNUMBER(X31),X31=0))),0,1) | Q31: =IF(OR(AA31,NOT(AND(D31="Must",ISNUMBER(X31),X31=1))),0,1) | R31: =IF(AND(NOT(AA31),D31="Must",I31=""),1,0) | S31: =IF(AND(NOT(AA31),UPPER(TRIM(I31&""))="N/A",L31<>"Yes"),1,0) | T31: =IF(AND(NOT(AA31),UPPER(TRIM(I31&""))="NOT TESTED",M31<>"Yes"),1,0) | U31: =IF(OR(AA31,NOT(AND(D31="Should",ISNUMBER(X31),X31=0))),0,1) | V31: =IF(OR(AA31,NOT(AND(D31="Should",ISNUMBER(X31),X31=1))),0,1) | W31: =IF(OR(I31="",AA31),0,1) | X31: =IF(I31="","",IF(UPPER(TRIM(I31&""))="N/A","N/A",IF(UPPER(TRIM(I31&""))="NOT TESTED","NT",IF(AND(ISNUMBER(IFERROR(VALUE(I31&""),"")),OR(IFERROR(VALUE(I31&""),"")=0,IFERROR(VALUE(I31&""),"")=1,IFERROR(VALUE(I31&""),"")=2,IFERROR(VALUE(I31&""),"")=3)),IFERROR(VALUE(I31&""),""),"BAD")))) | Y31: =IF(OR(AA31,NOT(OR(AND(D31="Must",I31="",SUM($W$6:$W$47)>0),AND(ISNUMBER(X31),X31<2),AND(UPPER(TRIM(I31&""))="N/A",L31<>"Yes"),AND(UPPER(TRIM(I31&""))="NOT TESTED",M31<>"Yes"),AND(NOT(I31=""),NOT(UPPER(TRIM(I31&""))="N/A"),NOT(UPPER(TRIM(I31&""))="NOT TESTED"),NOT(AND(ISNUMBER(IFERROR(VALUE(I31&""),"")),OR(IFERROR(VALUE(I31&""),"")=0,IFERROR(VALUE(I31&""),"")=1,IFERROR(VALUE(I31&""),"")=2,IFERROR(VALUE(I31&""),"")=3))))))),0,1) | Z31: =IF(Y31=1,COUNTIF($Y$6:Y31,1),0) | AA31: =OR(AND(LEFT(A31,1)="O",EngagementType<>"Overall opinion"),AND(A31="G3",StandardsEra="Before 9 January 2025"),AND(A31="E2",OR(INDEX($I$6:$I$47,MATCH("E1",$A$6:$A$47,0))=0,INDEX($I$6:$I$47,MATCH("E1",$A$6:$A$47,0))="0")),AND(A31="B2",UPPER(TRIM(INDEX($I$6:$I$47,MATCH("B1",$A$6:$A$47,0))&""))="N/A"),AND(OR(A31="D1",A31="D2",A31="D3",A31="D4",A31="D5"),UPPER(TRIM(INDEX($I$6:$I$47,MATCH("C1",$A$6:$A$47,0))&""))="N/A")) | AB31: 15.1;11.3 | AC31: =IF(AND(NOT(AA31),AND(NOT(I31=""),NOT(UPPER(TRIM(I31&""))="N/A"),NOT(UPPER(TRIM(I31&""))="NOT TESTED"),NOT(AND(ISNUMBER(IFERROR(VALUE(I31&""),"")),OR(IFERROR(VALUE(I31&""),"")=0,IFERROR(VALUE(I31&""),"")=1,IFERROR(VALUE(I31&""),"")=2,IFERROR(VALUE(I31&""),"")=3))))),1,0)
A32: G2 | B32: Issuance | C32: Close | D32: Must | E32: Sent to the people who can act on it | F32: The communication reaches parties who can ensure the results are given due consideration. Naming management of the activity scores 2. Use Not tested when a report-only review is silent on distribution. Score 0 when the text says the document is general information and is not to be relied on. | G32: ="15.1 "&INDEX('6. Standards'!$B$5:$B$21,MATCH("15.1",'6. Standards'!$A$5:$A$21,0))&" — "&INDEX('6. Standards'!$C$5:$C$21,MATCH("15.1",'6. Standards'!$A$5:$A$21,0))&CHAR(10)&"11.3 "&INDEX('6. Standards'!$B$5:$B$21,MATCH("11.3",'6. Standards'!$A$5:$A$21,0))&" — "&INDEX('6. Standards'!$C$5:$C$21,MATCH("11.3",'6. Standards'!$A$5:$A$21,0)) | H32: ="No other line switches this off." | L32: No | M32: Yes | N32: =IF(OR(OR(AA32,AND(UPPER(TRIM(I32&""))="N/A",L32="Yes"),AND(UPPER(TRIM(I32&""))="NOT TESTED",M32="Yes")),OR(AND(UPPER(TRIM(I32&""))="N/A",L32<>"Yes"),AND(UPPER(TRIM(I32&""))="NOT TESTED",M32<>"Yes"),AND(NOT(I32=""),NOT(UPPER(TRIM(I32&""))="N/A"),NOT(UPPER(TRIM(I32&""))="NOT TESTED"),NOT(AND(ISNUMBER(IFERROR(VALUE(I32&""),"")),OR(IFERROR(VALUE(I32&""),"")=0,IFERROR(VALUE(I32&""),"")=1,IFERROR(VALUE(I32&""),"")=2,IFERROR(VALUE(I32&""),"")=3)))))),0,IF(AND(ISNUMBER(IFERROR(VALUE(I32&""),"")),OR(IFERROR(VALUE(I32&""),"")=0,IFERROR(VALUE(I32&""),"")=1,IFERROR(VALUE(I32&""),"")=2,IFERROR(VALUE(I32&""),"")=3)),IFERROR(VALUE(I32&""),"")*IF(D32="Must",2,1),0)) | O32: =IF(OR(AA32,AND(UPPER(TRIM(I32&""))="N/A",L32="Yes"),AND(UPPER(TRIM(I32&""))="NOT TESTED",M32="Yes")),0,IF(OR(OR(AND(UPPER(TRIM(I32&""))="N/A",L32<>"Yes"),AND(UPPER(TRIM(I32&""))="NOT TESTED",M32<>"Yes"),AND(NOT(I32=""),NOT(UPPER(TRIM(I32&""))="N/A"),NOT(UPPER(TRIM(I32&""))="NOT TESTED"),NOT(AND(ISNUMBER(IFERROR(VALUE(I32&""),"")),OR(IFERROR(VALUE(I32&""),"")=0,IFERROR(VALUE(I32&""),"")=1,IFERROR(VALUE(I32&""),"")=2,IFERROR(VALUE(I32&""),"")=3))))),AND(ISNUMBER(IFERROR(VALUE(I32&""),"")),OR(IFERROR(VALUE(I32&""),"")=0,IFERROR(VALUE(I32&""),"")=1,IFERROR(VALUE(I32&""),"")=2,IFERROR(VALUE(I32&""),"")=3))),3*IF(D32="Must",2,1),0)) | P32: =IF(OR(AA32,NOT(AND(D32="Must",ISNUMBER(X32),X32=0))),0,1) | Q32: =IF(OR(AA32,NOT(AND(D32="Must",ISNUMBER(X32),X32=1))),0,1) | R32: =IF(AND(NOT(AA32),D32="Must",I32=""),1,0) | S32: =IF(AND(NOT(AA32),UPPER(TRIM(I32&""))="N/A",L32<>"Yes"),1,0) | T32: =IF(AND(NOT(AA32),UPPER(TRIM(I32&""))="NOT TESTED",M32<>"Yes"),1,0) | U32: =IF(OR(AA32,NOT(AND(D32="Should",ISNUMBER(X32),X32=0))),0,1) | V32: =IF(OR(AA32,NOT(AND(D32="Should",ISNUMBER(X32),X32=1))),0,1) | W32: =IF(OR(I32="",AA32),0,1) | X32: =IF(I32="","",IF(UPPER(TRIM(I32&""))="N/A","N/A",IF(UPPER(TRIM(I32&""))="NOT TESTED","NT",IF(AND(ISNUMBER(IFERROR(VALUE(I32&""),"")),OR(IFERROR(VALUE(I32&""),"")=0,IFERROR(VALUE(I32&""),"")=1,IFERROR(VALUE(I32&""),"")=2,IFERROR(VALUE(I32&""),"")=3)),IFERROR(VALUE(I32&""),""),"BAD")))) | Y32: =IF(OR(AA32,NOT(OR(AND(D32="Must",I32="",SUM($W$6:$W$47)>0),AND(ISNUMBER(X32),X32<2),AND(UPPER(TRIM(I32&""))="N/A",L32<>"Yes"),AND(UPPER(TRIM(I32&""))="NOT TESTED",M32<>"Yes"),AND(NOT(I32=""),NOT(UPPER(TRIM(I32&""))="N/A"),NOT(UPPER(TRIM(I32&""))="NOT TESTED"),NOT(AND(ISNUMBER(IFERROR(VALUE(I32&""),"")),OR(IFERROR(VALUE(I32&""),"")=0,IFERROR(VALUE(I32&""),"")=1,IFERROR(VALUE(I32&""),"")=2,IFERROR(VALUE(I32&""),"")=3))))))),0,1) | Z32: =IF(Y32=1,COUNTIF($Y$6:Y32,1),0) | AA32: =OR(AND(LEFT(A32,1)="O",EngagementType<>"Overall opinion"),AND(A32="G3",StandardsEra="Before 9 January 2025"),AND(A32="E2",OR(INDEX($I$6:$I$47,MATCH("E1",$A$6:$A$47,0))=0,INDEX($I$6:$I$47,MATCH("E1",$A$6:$A$47,0))="0")),AND(A32="B2",UPPER(TRIM(INDEX($I$6:$I$47,MATCH("B1",$A$6:$A$47,0))&""))="N/A"),AND(OR(A32="D1",A32="D2",A32="D3",A32="D4",A32="D5"),UPPER(TRIM(INDEX($I$6:$I$47,MATCH("C1",$A$6:$A$47,0))&""))="N/A")) | AB32: 15.1;11.3 | AC32: =IF(AND(NOT(AA32),AND(NOT(I32=""),NOT(UPPER(TRIM(I32&""))="N/A"),NOT(UPPER(TRIM(I32&""))="NOT TESTED"),NOT(AND(ISNUMBER(IFERROR(VALUE(I32&""),"")),OR(IFERROR(VALUE(I32&""),"")=0,IFERROR(VALUE(I32&""),"")=1,IFERROR(VALUE(I32&""),"")=2,IFERROR(VALUE(I32&""),"")=3))))),1,0)
A33: G3 | B33: Issuance | C33: Close | D33: Should | E33: A conformance statement is supported | F33: A statement of conformance with the Global Internal Audit Standards appears only where supervision and the quality programme support it. Use N/A when the report is dated before 9 January 2025. Use N/A when the report makes no conformance claim. Score 0 when conformance is claimed and the report contradicts it. | G33: ="15.1 "&INDEX('6. Standards'!$B$5:$B$21,MATCH("15.1",'6. Standards'!$A$5:$A$21,0))&" — "&"considerations" | H33: =IF(StandardsEra="Before 9 January 2025","Off. 2. Details dates the report before 9 January 2025, so a conformance statement is not scored.","On. Era is "&IF(StandardsEra="","not set",StandardsEra)&". Use N/A when the report makes no conformance claim.") | L33: Yes | M33: No | N33: =IF(OR(OR(AA33,AND(UPPER(TRIM(I33&""))="N/A",L33="Yes"),AND(UPPER(TRIM(I33&""))="NOT TESTED",M33="Yes")),OR(AND(UPPER(TRIM(I33&""))="N/A",L33<>"Yes"),AND(UPPER(TRIM(I33&""))="NOT TESTED",M33<>"Yes"),AND(NOT(I33=""),NOT(UPPER(TRIM(I33&""))="N/A"),NOT(UPPER(TRIM(I33&""))="NOT TESTED"),NOT(AND(ISNUMBER(IFERROR(VALUE(I33&""),"")),OR(IFERROR(VALUE(I33&""),"")=0,IFERROR(VALUE(I33&""),"")=1,IFERROR(VALUE(I33&""),"")=2,IFERROR(VALUE(I33&""),"")=3)))))),0,IF(AND(ISNUMBER(IFERROR(VALUE(I33&""),"")),OR(IFERROR(VALUE(I33&""),"")=0,IFERROR(VALUE(I33&""),"")=1,IFERROR(VALUE(I33&""),"")=2,IFERROR(VALUE(I33&""),"")=3)),IFERROR(VALUE(I33&""),"")*IF(D33="Must",2,1),0)) | O33: =IF(OR(AA33,AND(UPPER(TRIM(I33&""))="N/A",L33="Yes"),AND(UPPER(TRIM(I33&""))="NOT TESTED",M33="Yes")),0,IF(OR(OR(AND(UPPER(TRIM(I33&""))="N/A",L33<>"Yes"),AND(UPPER(TRIM(I33&""))="NOT TESTED",M33<>"Yes"),AND(NOT(I33=""),NOT(UPPER(TRIM(I33&""))="N/A"),NOT(UPPER(TRIM(I33&""))="NOT TESTED"),NOT(AND(ISNUMBER(IFERROR(VALUE(I33&""),"")),OR(IFERROR(VALUE(I33&""),"")=0,IFERROR(VALUE(I33&""),"")=1,IFERROR(VALUE(I33&""),"")=2,IFERROR(VALUE(I33&""),"")=3))))),AND(ISNUMBER(IFERROR(VALUE(I33&""),"")),OR(IFERROR(VALUE(I33&""),"")=0,IFERROR(VALUE(I33&""),"")=1,IFERROR(VALUE(I33&""),"")=2,IFERROR(VALUE(I33&""),"")=3))),3*IF(D33="Must",2,1),0)) | P33: =IF(OR(AA33,NOT(AND(D33="Must",ISNUMBER(X33),X33=0))),0,1) | Q33: =IF(OR(AA33,NOT(AND(D33="Must",ISNUMBER(X33),X33=1))),0,1) | R33: =IF(AND(NOT(AA33),D33="Must",I33=""),1,0) | S33: =IF(AND(NOT(AA33),UPPER(TRIM(I33&""))="N/A",L33<>"Yes"),1,0) | T33: =IF(AND(NOT(AA33),UPPER(TRIM(I33&""))="NOT TESTED",M33<>"Yes"),1,0) | U33: =IF(OR(AA33,NOT(AND(D33="Should",ISNUMBER(X33),X33=0))),0,1) | V33: =IF(OR(AA33,NOT(AND(D33="Should",ISNUMBER(X33),X33=1))),0,1) | W33: =IF(OR(I33="",AA33),0,1) | X33: =IF(I33="","",IF(UPPER(TRIM(I33&""))="N/A","N/A",IF(UPPER(TRIM(I33&""))="NOT TESTED","NT",IF(AND(ISNUMBER(IFERROR(VALUE(I33&""),"")),OR(IFERROR(VALUE(I33&""),"")=0,IFERROR(VALUE(I33&""),"")=1,IFERROR(VALUE(I33&""),"")=2,IFERROR(VALUE(I33&""),"")=3)),IFERROR(VALUE(I33&""),""),"BAD")))) | Y33: =IF(OR(AA33,NOT(OR(AND(D33="Must",I33="",SUM($W$6:$W$47)>0),AND(ISNUMBER(X33),X33<2),AND(UPPER(TRIM(I33&""))="N/A",L33<>"Yes"),AND(UPPER(TRIM(I33&""))="NOT TESTED",M33<>"Yes"),AND(NOT(I33=""),NOT(UPPER(TRIM(I33&""))="N/A"),NOT(UPPER(TRIM(I33&""))="NOT TESTED"),NOT(AND(ISNUMBER(IFERROR(VALUE(I33&""),"")),OR(IFERROR(VALUE(I33&""),"")=0,IFERROR(VALUE(I33&""),"")=1,IFERROR(VALUE(I33&""),"")=2,IFERROR(VALUE(I33&""),"")=3))))))),0,1) | Z33: =IF(Y33=1,COUNTIF($Y$6:Y33,1),0) | AA33: =OR(AND(LEFT(A33,1)="O",EngagementType<>"Overall opinion"),AND(A33="G3",StandardsEra="Before 9 January 2025"),AND(A33="E2",OR(INDEX($I$6:$I$47,MATCH("E1",$A$6:$A$47,0))=0,INDEX($I$6:$I$47,MATCH("E1",$A$6:$A$47,0))="0")),AND(A33="B2",UPPER(TRIM(INDEX($I$6:$I$47,MATCH("B1",$A$6:$A$47,0))&""))="N/A"),AND(OR(A33="D1",A33="D2",A33="D3",A33="D4",A33="D5"),UPPER(TRIM(INDEX($I$6:$I$47,MATCH("C1",$A$6:$A$47,0))&""))="N/A")) | AB33: 15.1 | AC33: =IF(AND(NOT(AA33),AND(NOT(I33=""),NOT(UPPER(TRIM(I33&""))="N/A"),NOT(UPPER(TRIM(I33&""))="NOT TESTED"),NOT(AND(ISNUMBER(IFERROR(VALUE(I33&""),"")),OR(IFERROR(VALUE(I33&""),"")=0,IFERROR(VALUE(I33&""),"")=1,IFERROR(VALUE(I33&""),"")=2,IFERROR(VALUE(I33&""),"")=3))))),1,0)
A34: G4 | B34: Issuance | C34: Close | D34: Must | E34: Nonconformance is disclosed | F34: If the engagement did not conform, the report names the standard, the reason, and the effect on the findings and the conclusion. Use N/A when no nonconformance has been identified. Do not score silence as 0. | G34: ="15.1 "&INDEX('6. Standards'!$B$5:$B$21,MATCH("15.1",'6. Standards'!$A$5:$A$21,0))&" — "&INDEX('6. Standards'!$C$5:$C$21,MATCH("15.1",'6. Standards'!$A$5:$A$21,0)) | H34: ="Use N/A when no nonconformance has been identified. Silence is not a fail." | L34: Yes | M34: No | N34: =IF(OR(OR(AA34,AND(UPPER(TRIM(I34&""))="N/A",L34="Yes"),AND(UPPER(TRIM(I34&""))="NOT TESTED",M34="Yes")),OR(AND(UPPER(TRIM(I34&""))="N/A",L34<>"Yes"),AND(UPPER(TRIM(I34&""))="NOT TESTED",M34<>"Yes"),AND(NOT(I34=""),NOT(UPPER(TRIM(I34&""))="N/A"),NOT(UPPER(TRIM(I34&""))="NOT TESTED"),NOT(AND(ISNUMBER(IFERROR(VALUE(I34&""),"")),OR(IFERROR(VALUE(I34&""),"")=0,IFERROR(VALUE(I34&""),"")=1,IFERROR(VALUE(I34&""),"")=2,IFERROR(VALUE(I34&""),"")=3)))))),0,IF(AND(ISNUMBER(IFERROR(VALUE(I34&""),"")),OR(IFERROR(VALUE(I34&""),"")=0,IFERROR(VALUE(I34&""),"")=1,IFERROR(VALUE(I34&""),"")=2,IFERROR(VALUE(I34&""),"")=3)),IFERROR(VALUE(I34&""),"")*IF(D34="Must",2,1),0)) | O34: =IF(OR(AA34,AND(UPPER(TRIM(I34&""))="N/A",L34="Yes"),AND(UPPER(TRIM(I34&""))="NOT TESTED",M34="Yes")),0,IF(OR(OR(AND(UPPER(TRIM(I34&""))="N/A",L34<>"Yes"),AND(UPPER(TRIM(I34&""))="NOT TESTED",M34<>"Yes"),AND(NOT(I34=""),NOT(UPPER(TRIM(I34&""))="N/A"),NOT(UPPER(TRIM(I34&""))="NOT TESTED"),NOT(AND(ISNUMBER(IFERROR(VALUE(I34&""),"")),OR(IFERROR(VALUE(I34&""),"")=0,IFERROR(VALUE(I34&""),"")=1,IFERROR(VALUE(I34&""),"")=2,IFERROR(VALUE(I34&""),"")=3))))),AND(ISNUMBER(IFERROR(VALUE(I34&""),"")),OR(IFERROR(VALUE(I34&""),"")=0,IFERROR(VALUE(I34&""),"")=1,IFERROR(VALUE(I34&""),"")=2,IFERROR(VALUE(I34&""),"")=3))),3*IF(D34="Must",2,1),0)) | P34: =IF(OR(AA34,NOT(AND(D34="Must",ISNUMBER(X34),X34=0))),0,1) | Q34: =IF(OR(AA34,NOT(AND(D34="Must",ISNUMBER(X34),X34=1))),0,1) | R34: =IF(AND(NOT(AA34),D34="Must",I34=""),1,0) | S34: =IF(AND(NOT(AA34),UPPER(TRIM(I34&""))="N/A",L34<>"Yes"),1,0) | T34: =IF(AND(NOT(AA34),UPPER(TRIM(I34&""))="NOT TESTED",M34<>"Yes"),1,0) | U34: =IF(OR(AA34,NOT(AND(D34="Should",ISNUMBER(X34),X34=0))),0,1) | V34: =IF(OR(AA34,NOT(AND(D34="Should",ISNUMBER(X34),X34=1))),0,1) | W34: =IF(OR(I34="",AA34),0,1) | X34: =IF(I34="","",IF(UPPER(TRIM(I34&""))="N/A","N/A",IF(UPPER(TRIM(I34&""))="NOT TESTED","NT",IF(AND(ISNUMBER(IFERROR(VALUE(I34&""),"")),OR(IFERROR(VALUE(I34&""),"")=0,IFERROR(VALUE(I34&""),"")=1,IFERROR(VALUE(I34&""),"")=2,IFERROR(VALUE(I34&""),"")=3)),IFERROR(VALUE(I34&""),""),"BAD")))) | Y34: =IF(OR(AA34,NOT(OR(AND(D34="Must",I34="",SUM($W$6:$W$47)>0),AND(ISNUMBER(X34),X34<2),AND(UPPER(TRIM(I34&""))="N/A",L34<>"Yes"),AND(UPPER(TRIM(I34&""))="NOT TESTED",M34<>"Yes"),AND(NOT(I34=""),NOT(UPPER(TRIM(I34&""))="N/A"),NOT(UPPER(TRIM(I34&""))="NOT TESTED"),NOT(AND(ISNUMBER(IFERROR(VALUE(I34&""),"")),OR(IFERROR(VALUE(I34&""),"")=0,IFERROR(VALUE(I34&""),"")=1,IFERROR(VALUE(I34&""),"")=2,IFERROR(VALUE(I34&""),"")=3))))))),0,1) | Z34: =IF(Y34=1,COUNTIF($Y$6:Y34,1),0) | AA34: =OR(AND(LEFT(A34,1)="O",EngagementType<>"Overall opinion"),AND(A34="G3",StandardsEra="Before 9 January 2025"),AND(A34="E2",OR(INDEX($I$6:$I$47,MATCH("E1",$A$6:$A$47,0))=0,INDEX($I$6:$I$47,MATCH("E1",$A$6:$A$47,0))="0")),AND(A34="B2",UPPER(TRIM(INDEX($I$6:$I$47,MATCH("B1",$A$6:$A$47,0))&""))="N/A"),AND(OR(A34="D1",A34="D2",A34="D3",A34="D4",A34="D5"),UPPER(TRIM(INDEX($I$6:$I$47,MATCH("C1",$A$6:$A$47,0))&""))="N/A")) | AB34: 15.1 | AC34: =IF(AND(NOT(AA34),AND(NOT(I34=""),NOT(UPPER(TRIM(I34&""))="N/A"),NOT(UPPER(TRIM(I34&""))="NOT TESTED"),NOT(AND(ISNUMBER(IFERROR(VALUE(I34&""),"")),OR(IFERROR(VALUE(I34&""),"")=0,IFERROR(VALUE(I34&""),"")=1,IFERROR(VALUE(I34&""),"")=2,IFERROR(VALUE(I34&""),"")=3))))),1,0)
A35: G5 | B35: Issuance | C35: Close | D35: Must | E35: Confidential information is protected | F35: Standard 5.2 requires protection of confidential information. It does not require a legend on every report. “Private and confidential,” or an equivalent restriction, scores 2. Score 0 when the communication releases information it treats as confidential, or invites unrestricted circulation. Use Not tested when the page is silent. | G35: ="5.1 "&INDEX('6. Standards'!$B$5:$B$21,MATCH("5.1",'6. Standards'!$A$5:$A$21,0))&" — "&INDEX('6. Standards'!$C$5:$C$21,MATCH("5.1",'6. Standards'!$A$5:$A$21,0))&CHAR(10)&"5.2 "&INDEX('6. Standards'!$B$5:$B$21,MATCH("5.2",'6. Standards'!$A$5:$A$21,0))&" — "&INDEX('6. Standards'!$C$5:$C$21,MATCH("5.2",'6. Standards'!$A$5:$A$21,0)) | H35: ="No other line switches this off." | L35: No | M35: Yes | N35: =IF(OR(OR(AA35,AND(UPPER(TRIM(I35&""))="N/A",L35="Yes"),AND(UPPER(TRIM(I35&""))="NOT TESTED",M35="Yes")),OR(AND(UPPER(TRIM(I35&""))="N/A",L35<>"Yes"),AND(UPPER(TRIM(I35&""))="NOT TESTED",M35<>"Yes"),AND(NOT(I35=""),NOT(UPPER(TRIM(I35&""))="N/A"),NOT(UPPER(TRIM(I35&""))="NOT TESTED"),NOT(AND(ISNUMBER(IFERROR(VALUE(I35&""),"")),OR(IFERROR(VALUE(I35&""),"")=0,IFERROR(VALUE(I35&""),"")=1,IFERROR(VALUE(I35&""),"")=2,IFERROR(VALUE(I35&""),"")=3)))))),0,IF(AND(ISNUMBER(IFERROR(VALUE(I35&""),"")),OR(IFERROR(VALUE(I35&""),"")=0,IFERROR(VALUE(I35&""),"")=1,IFERROR(VALUE(I35&""),"")=2,IFERROR(VALUE(I35&""),"")=3)),IFERROR(VALUE(I35&""),"")*IF(D35="Must",2,1),0)) | O35: =IF(OR(AA35,AND(UPPER(TRIM(I35&""))="N/A",L35="Yes"),AND(UPPER(TRIM(I35&""))="NOT TESTED",M35="Yes")),0,IF(OR(OR(AND(UPPER(TRIM(I35&""))="N/A",L35<>"Yes"),AND(UPPER(TRIM(I35&""))="NOT TESTED",M35<>"Yes"),AND(NOT(I35=""),NOT(UPPER(TRIM(I35&""))="N/A"),NOT(UPPER(TRIM(I35&""))="NOT TESTED"),NOT(AND(ISNUMBER(IFERROR(VALUE(I35&""),"")),OR(IFERROR(VALUE(I35&""),"")=0,IFERROR(VALUE(I35&""),"")=1,IFERROR(VALUE(I35&""),"")=2,IFERROR(VALUE(I35&""),"")=3))))),AND(ISNUMBER(IFERROR(VALUE(I35&""),"")),OR(IFERROR(VALUE(I35&""),"")=0,IFERROR(VALUE(I35&""),"")=1,IFERROR(VALUE(I35&""),"")=2,IFERROR(VALUE(I35&""),"")=3))),3*IF(D35="Must",2,1),0)) | P35: =IF(OR(AA35,NOT(AND(D35="Must",ISNUMBER(X35),X35=0))),0,1) | Q35: =IF(OR(AA35,NOT(AND(D35="Must",ISNUMBER(X35),X35=1))),0,1) | R35: =IF(AND(NOT(AA35),D35="Must",I35=""),1,0) | S35: =IF(AND(NOT(AA35),UPPER(TRIM(I35&""))="N/A",L35<>"Yes"),1,0) | T35: =IF(AND(NOT(AA35),UPPER(TRIM(I35&""))="NOT TESTED",M35<>"Yes"),1,0) | U35: =IF(OR(AA35,NOT(AND(D35="Should",ISNUMBER(X35),X35=0))),0,1) | V35: =IF(OR(AA35,NOT(AND(D35="Should",ISNUMBER(X35),X35=1))),0,1) | W35: =IF(OR(I35="",AA35),0,1) | X35: =IF(I35="","",IF(UPPER(TRIM(I35&""))="N/A","N/A",IF(UPPER(TRIM(I35&""))="NOT TESTED","NT",IF(AND(ISNUMBER(IFERROR(VALUE(I35&""),"")),OR(IFERROR(VALUE(I35&""),"")=0,IFERROR(VALUE(I35&""),"")=1,IFERROR(VALUE(I35&""),"")=2,IFERROR(VALUE(I35&""),"")=3)),IFERROR(VALUE(I35&""),""),"BAD")))) | Y35: =IF(OR(AA35,NOT(OR(AND(D35="Must",I35="",SUM($W$6:$W$47)>0),AND(ISNUMBER(X35),X35<2),AND(UPPER(TRIM(I35&""))="N/A",L35<>"Yes"),AND(UPPER(TRIM(I35&""))="NOT TESTED",M35<>"Yes"),AND(NOT(I35=""),NOT(UPPER(TRIM(I35&""))="N/A"),NOT(UPPER(TRIM(I35&""))="NOT TESTED"),NOT(AND(ISNUMBER(IFERROR(VALUE(I35&""),"")),OR(IFERROR(VALUE(I35&""),"")=0,IFERROR(VALUE(I35&""),"")=1,IFERROR(VALUE(I35&""),"")=2,IFERROR(VALUE(I35&""),"")=3))))))),0,1) | Z35: =IF(Y35=1,COUNTIF($Y$6:Y35,1),0) | AA35: =OR(AND(LEFT(A35,1)="O",EngagementType<>"Overall opinion"),AND(A35="G3",StandardsEra="Before 9 January 2025"),AND(A35="E2",OR(INDEX($I$6:$I$47,MATCH("E1",$A$6:$A$47,0))=0,INDEX($I$6:$I$47,MATCH("E1",$A$6:$A$47,0))="0")),AND(A35="B2",UPPER(TRIM(INDEX($I$6:$I$47,MATCH("B1",$A$6:$A$47,0))&""))="N/A"),AND(OR(A35="D1",A35="D2",A35="D3",A35="D4",A35="D5"),UPPER(TRIM(INDEX($I$6:$I$47,MATCH("C1",$A$6:$A$47,0))&""))="N/A")) | AB35: 5.1;5.2 | AC35: =IF(AND(NOT(AA35),AND(NOT(I35=""),NOT(UPPER(TRIM(I35&""))="N/A"),NOT(UPPER(TRIM(I35&""))="NOT TESTED"),NOT(AND(ISNUMBER(IFERROR(VALUE(I35&""),"")),OR(IFERROR(VALUE(I35&""),"")=0,IFERROR(VALUE(I35&""),"")=1,IFERROR(VALUE(I35&""),"")=2,IFERROR(VALUE(I35&""),"")=3))))),1,0)
A36: G6 | B36: Issuance | C36: Close | D36: Must | E36: A significant error has been corrected | F36: Use N/A unless this document corrects an earlier issue. On a correction, the new information went promptly to everyone who received the original. A miss here is a Must, because Standard 11.4 applies once a significant error exists. | G36: ="11.4 "&INDEX('6. Standards'!$B$5:$B$21,MATCH("11.4",'6. Standards'!$A$5:$A$21,0))&" — "&INDEX('6. Standards'!$C$5:$C$21,MATCH("11.4",'6. Standards'!$A$5:$A$21,0)) | H36: ="Use N/A unless this document corrects an earlier final communication. Standard 11.4 then applies." | L36: Yes | M36: No | N36: =IF(OR(OR(AA36,AND(UPPER(TRIM(I36&""))="N/A",L36="Yes"),AND(UPPER(TRIM(I36&""))="NOT TESTED",M36="Yes")),OR(AND(UPPER(TRIM(I36&""))="N/A",L36<>"Yes"),AND(UPPER(TRIM(I36&""))="NOT TESTED",M36<>"Yes"),AND(NOT(I36=""),NOT(UPPER(TRIM(I36&""))="N/A"),NOT(UPPER(TRIM(I36&""))="NOT TESTED"),NOT(AND(ISNUMBER(IFERROR(VALUE(I36&""),"")),OR(IFERROR(VALUE(I36&""),"")=0,IFERROR(VALUE(I36&""),"")=1,IFERROR(VALUE(I36&""),"")=2,IFERROR(VALUE(I36&""),"")=3)))))),0,IF(AND(ISNUMBER(IFERROR(VALUE(I36&""),"")),OR(IFERROR(VALUE(I36&""),"")=0,IFERROR(VALUE(I36&""),"")=1,IFERROR(VALUE(I36&""),"")=2,IFERROR(VALUE(I36&""),"")=3)),IFERROR(VALUE(I36&""),"")*IF(D36="Must",2,1),0)) | O36: =IF(OR(AA36,AND(UPPER(TRIM(I36&""))="N/A",L36="Yes"),AND(UPPER(TRIM(I36&""))="NOT TESTED",M36="Yes")),0,IF(OR(OR(AND(UPPER(TRIM(I36&""))="N/A",L36<>"Yes"),AND(UPPER(TRIM(I36&""))="NOT TESTED",M36<>"Yes"),AND(NOT(I36=""),NOT(UPPER(TRIM(I36&""))="N/A"),NOT(UPPER(TRIM(I36&""))="NOT TESTED"),NOT(AND(ISNUMBER(IFERROR(VALUE(I36&""),"")),OR(IFERROR(VALUE(I36&""),"")=0,IFERROR(VALUE(I36&""),"")=1,IFERROR(VALUE(I36&""),"")=2,IFERROR(VALUE(I36&""),"")=3))))),AND(ISNUMBER(IFERROR(VALUE(I36&""),"")),OR(IFERROR(VALUE(I36&""),"")=0,IFERROR(VALUE(I36&""),"")=1,IFERROR(VALUE(I36&""),"")=2,IFERROR(VALUE(I36&""),"")=3))),3*IF(D36="Must",2,1),0)) | P36: =IF(OR(AA36,NOT(AND(D36="Must",ISNUMBER(X36),X36=0))),0,1) | Q36: =IF(OR(AA36,NOT(AND(D36="Must",ISNUMBER(X36),X36=1))),0,1) | R36: =IF(AND(NOT(AA36),D36="Must",I36=""),1,0) | S36: =IF(AND(NOT(AA36),UPPER(TRIM(I36&""))="N/A",L36<>"Yes"),1,0) | T36: =IF(AND(NOT(AA36),UPPER(TRIM(I36&""))="NOT TESTED",M36<>"Yes"),1,0) | U36: =IF(OR(AA36,NOT(AND(D36="Should",ISNUMBER(X36),X36=0))),0,1) | V36: =IF(OR(AA36,NOT(AND(D36="Should",ISNUMBER(X36),X36=1))),0,1) | W36: =IF(OR(I36="",AA36),0,1) | X36: =IF(I36="","",IF(UPPER(TRIM(I36&""))="N/A","N/A",IF(UPPER(TRIM(I36&""))="NOT TESTED","NT",IF(AND(ISNUMBER(IFERROR(VALUE(I36&""),"")),OR(IFERROR(VALUE(I36&""),"")=0,IFERROR(VALUE(I36&""),"")=1,IFERROR(VALUE(I36&""),"")=2,IFERROR(VALUE(I36&""),"")=3)),IFERROR(VALUE(I36&""),""),"BAD")))) | Y36: =IF(OR(AA36,NOT(OR(AND(D36="Must",I36="",SUM($W$6:$W$47)>0),AND(ISNUMBER(X36),X36<2),AND(UPPER(TRIM(I36&""))="N/A",L36<>"Yes"),AND(UPPER(TRIM(I36&""))="NOT TESTED",M36<>"Yes"),AND(NOT(I36=""),NOT(UPPER(TRIM(I36&""))="N/A"),NOT(UPPER(TRIM(I36&""))="NOT TESTED"),NOT(AND(ISNUMBER(IFERROR(VALUE(I36&""),"")),OR(IFERROR(VALUE(I36&""),"")=0,IFERROR(VALUE(I36&""),"")=1,IFERROR(VALUE(I36&""),"")=2,IFERROR(VALUE(I36&""),"")=3))))))),0,1) | Z36: =IF(Y36=1,COUNTIF($Y$6:Y36,1),0) | AA36: =OR(AND(LEFT(A36,1)="O",EngagementType<>"Overall opinion"),AND(A36="G3",StandardsEra="Before 9 January 2025"),AND(A36="E2",OR(INDEX($I$6:$I$47,MATCH("E1",$A$6:$A$47,0))=0,INDEX($I$6:$I$47,MATCH("E1",$A$6:$A$47,0))="0")),AND(A36="B2",UPPER(TRIM(INDEX($I$6:$I$47,MATCH("B1",$A$6:$A$47,0))&""))="N/A"),AND(OR(A36="D1",A36="D2",A36="D3",A36="D4",A36="D5"),UPPER(TRIM(INDEX($I$6:$I$47,MATCH("C1",$A$6:$A$47,0))&""))="N/A")) | AB36: 11.4 | AC36: =IF(AND(NOT(AA36),AND(NOT(I36=""),NOT(UPPER(TRIM(I36&""))="N/A"),NOT(UPPER(TRIM(I36&""))="NOT TESTED"),NOT(AND(ISNUMBER(IFERROR(VALUE(I36&""),"")),OR(IFERROR(VALUE(I36&""),"")=0,IFERROR(VALUE(I36&""),"")=1,IFERROR(VALUE(I36&""),"")=2,IFERROR(VALUE(I36&""),"")=3))))),1,0)
A37: G7 | B37: Issuance | C37: Close | D37: Must | E37: Risk accepted above appetite is escalated | F37: Use N/A unless the report shows that management accepted a risk above appetite or tolerance. Where it does, the report shows the discussion with senior management and, if unresolved, escalation to the board. A miss here is a Must. | G37: ="11.5 "&INDEX('6. Standards'!$B$5:$B$21,MATCH("11.5",'6. Standards'!$A$5:$A$21,0))&" — "&INDEX('6. Standards'!$C$5:$C$21,MATCH("11.5",'6. Standards'!$A$5:$A$21,0)) | H37: ="Use N/A unless the report shows risk accepted above appetite or tolerance. Standard 11.5 then applies." | L37: Yes | M37: No | N37: =IF(OR(OR(AA37,AND(UPPER(TRIM(I37&""))="N/A",L37="Yes"),AND(UPPER(TRIM(I37&""))="NOT TESTED",M37="Yes")),OR(AND(UPPER(TRIM(I37&""))="N/A",L37<>"Yes"),AND(UPPER(TRIM(I37&""))="NOT TESTED",M37<>"Yes"),AND(NOT(I37=""),NOT(UPPER(TRIM(I37&""))="N/A"),NOT(UPPER(TRIM(I37&""))="NOT TESTED"),NOT(AND(ISNUMBER(IFERROR(VALUE(I37&""),"")),OR(IFERROR(VALUE(I37&""),"")=0,IFERROR(VALUE(I37&""),"")=1,IFERROR(VALUE(I37&""),"")=2,IFERROR(VALUE(I37&""),"")=3)))))),0,IF(AND(ISNUMBER(IFERROR(VALUE(I37&""),"")),OR(IFERROR(VALUE(I37&""),"")=0,IFERROR(VALUE(I37&""),"")=1,IFERROR(VALUE(I37&""),"")=2,IFERROR(VALUE(I37&""),"")=3)),IFERROR(VALUE(I37&""),"")*IF(D37="Must",2,1),0)) | O37: =IF(OR(AA37,AND(UPPER(TRIM(I37&""))="N/A",L37="Yes"),AND(UPPER(TRIM(I37&""))="NOT TESTED",M37="Yes")),0,IF(OR(OR(AND(UPPER(TRIM(I37&""))="N/A",L37<>"Yes"),AND(UPPER(TRIM(I37&""))="NOT TESTED",M37<>"Yes"),AND(NOT(I37=""),NOT(UPPER(TRIM(I37&""))="N/A"),NOT(UPPER(TRIM(I37&""))="NOT TESTED"),NOT(AND(ISNUMBER(IFERROR(VALUE(I37&""),"")),OR(IFERROR(VALUE(I37&""),"")=0,IFERROR(VALUE(I37&""),"")=1,IFERROR(VALUE(I37&""),"")=2,IFERROR(VALUE(I37&""),"")=3))))),AND(ISNUMBER(IFERROR(VALUE(I37&""),"")),OR(IFERROR(VALUE(I37&""),"")=0,IFERROR(VALUE(I37&""),"")=1,IFERROR(VALUE(I37&""),"")=2,IFERROR(VALUE(I37&""),"")=3))),3*IF(D37="Must",2,1),0)) | P37: =IF(OR(AA37,NOT(AND(D37="Must",ISNUMBER(X37),X37=0))),0,1) | Q37: =IF(OR(AA37,NOT(AND(D37="Must",ISNUMBER(X37),X37=1))),0,1) | R37: =IF(AND(NOT(AA37),D37="Must",I37=""),1,0) | S37: =IF(AND(NOT(AA37),UPPER(TRIM(I37&""))="N/A",L37<>"Yes"),1,0) | T37: =IF(AND(NOT(AA37),UPPER(TRIM(I37&""))="NOT TESTED",M37<>"Yes"),1,0) | U37: =IF(OR(AA37,NOT(AND(D37="Should",ISNUMBER(X37),X37=0))),0,1) | V37: =IF(OR(AA37,NOT(AND(D37="Should",ISNUMBER(X37),X37=1))),0,1) | W37: =IF(OR(I37="",AA37),0,1) | X37: =IF(I37="","",IF(UPPER(TRIM(I37&""))="N/A","N/A",IF(UPPER(TRIM(I37&""))="NOT TESTED","NT",IF(AND(ISNUMBER(IFERROR(VALUE(I37&""),"")),OR(IFERROR(VALUE(I37&""),"")=0,IFERROR(VALUE(I37&""),"")=1,IFERROR(VALUE(I37&""),"")=2,IFERROR(VALUE(I37&""),"")=3)),IFERROR(VALUE(I37&""),""),"BAD")))) | Y37: =IF(OR(AA37,NOT(OR(AND(D37="Must",I37="",SUM($W$6:$W$47)>0),AND(ISNUMBER(X37),X37<2),AND(UPPER(TRIM(I37&""))="N/A",L37<>"Yes"),AND(UPPER(TRIM(I37&""))="NOT TESTED",M37<>"Yes"),AND(NOT(I37=""),NOT(UPPER(TRIM(I37&""))="N/A"),NOT(UPPER(TRIM(I37&""))="NOT TESTED"),NOT(AND(ISNUMBER(IFERROR(VALUE(I37&""),"")),OR(IFERROR(VALUE(I37&""),"")=0,IFERROR(VALUE(I37&""),"")=1,IFERROR(VALUE(I37&""),"")=2,IFERROR(VALUE(I37&""),"")=3))))))),0,1) | Z37: =IF(Y37=1,COUNTIF($Y$6:Y37,1),0) | AA37: =OR(AND(LEFT(A37,1)="O",EngagementType<>"Overall opinion"),AND(A37="G3",StandardsEra="Before 9 January 2025"),AND(A37="E2",OR(INDEX($I$6:$I$47,MATCH("E1",$A$6:$A$47,0))=0,INDEX($I$6:$I$47,MATCH("E1",$A$6:$A$47,0))="0")),AND(A37="B2",UPPER(TRIM(INDEX($I$6:$I$47,MATCH("B1",$A$6:$A$47,0))&""))="N/A"),AND(OR(A37="D1",A37="D2",A37="D3",A37="D4",A37="D5"),UPPER(TRIM(INDEX($I$6:$I$47,MATCH("C1",$A$6:$A$47,0))&""))="N/A")) | AB37: 11.5 | AC37: =IF(AND(NOT(AA37),AND(NOT(I37=""),NOT(UPPER(TRIM(I37&""))="N/A"),NOT(UPPER(TRIM(I37&""))="NOT TESTED"),NOT(AND(ISNUMBER(IFERROR(VALUE(I37&""),"")),OR(IFERROR(VALUE(I37&""),"")=0,IFERROR(VALUE(I37&""),"")=1,IFERROR(VALUE(I37&""),"")=2,IFERROR(VALUE(I37&""),"")=3))))),1,0)
A38: H1 | B38: Reader | C38: Close | D38: Should | E38: The opening is enough for the intended reader | F38: From the opening, the reader can see the conclusion, the significant findings, and what will be done. A contents list or a ratings table alone scores 1. | G38: ="11.2 "&INDEX('6. Standards'!$B$5:$B$21,MATCH("11.2",'6. Standards'!$A$5:$A$21,0))&" — "&"considerations" | H38: ="No other line switches this off." | L38: No | M38: No | N38: =IF(OR(OR(AA38,AND(UPPER(TRIM(I38&""))="N/A",L38="Yes"),AND(UPPER(TRIM(I38&""))="NOT TESTED",M38="Yes")),OR(AND(UPPER(TRIM(I38&""))="N/A",L38<>"Yes"),AND(UPPER(TRIM(I38&""))="NOT TESTED",M38<>"Yes"),AND(NOT(I38=""),NOT(UPPER(TRIM(I38&""))="N/A"),NOT(UPPER(TRIM(I38&""))="NOT TESTED"),NOT(AND(ISNUMBER(IFERROR(VALUE(I38&""),"")),OR(IFERROR(VALUE(I38&""),"")=0,IFERROR(VALUE(I38&""),"")=1,IFERROR(VALUE(I38&""),"")=2,IFERROR(VALUE(I38&""),"")=3)))))),0,IF(AND(ISNUMBER(IFERROR(VALUE(I38&""),"")),OR(IFERROR(VALUE(I38&""),"")=0,IFERROR(VALUE(I38&""),"")=1,IFERROR(VALUE(I38&""),"")=2,IFERROR(VALUE(I38&""),"")=3)),IFERROR(VALUE(I38&""),"")*IF(D38="Must",2,1),0)) | O38: =IF(OR(AA38,AND(UPPER(TRIM(I38&""))="N/A",L38="Yes"),AND(UPPER(TRIM(I38&""))="NOT TESTED",M38="Yes")),0,IF(OR(OR(AND(UPPER(TRIM(I38&""))="N/A",L38<>"Yes"),AND(UPPER(TRIM(I38&""))="NOT TESTED",M38<>"Yes"),AND(NOT(I38=""),NOT(UPPER(TRIM(I38&""))="N/A"),NOT(UPPER(TRIM(I38&""))="NOT TESTED"),NOT(AND(ISNUMBER(IFERROR(VALUE(I38&""),"")),OR(IFERROR(VALUE(I38&""),"")=0,IFERROR(VALUE(I38&""),"")=1,IFERROR(VALUE(I38&""),"")=2,IFERROR(VALUE(I38&""),"")=3))))),AND(ISNUMBER(IFERROR(VALUE(I38&""),"")),OR(IFERROR(VALUE(I38&""),"")=0,IFERROR(VALUE(I38&""),"")=1,IFERROR(VALUE(I38&""),"")=2,IFERROR(VALUE(I38&""),"")=3))),3*IF(D38="Must",2,1),0)) | P38: =IF(OR(AA38,NOT(AND(D38="Must",ISNUMBER(X38),X38=0))),0,1) | Q38: =IF(OR(AA38,NOT(AND(D38="Must",ISNUMBER(X38),X38=1))),0,1) | R38: =IF(AND(NOT(AA38),D38="Must",I38=""),1,0) | S38: =IF(AND(NOT(AA38),UPPER(TRIM(I38&""))="N/A",L38<>"Yes"),1,0) | T38: =IF(AND(NOT(AA38),UPPER(TRIM(I38&""))="NOT TESTED",M38<>"Yes"),1,0) | U38: =IF(OR(AA38,NOT(AND(D38="Should",ISNUMBER(X38),X38=0))),0,1) | V38: =IF(OR(AA38,NOT(AND(D38="Should",ISNUMBER(X38),X38=1))),0,1) | W38: =IF(OR(I38="",AA38),0,1) | X38: =IF(I38="","",IF(UPPER(TRIM(I38&""))="N/A","N/A",IF(UPPER(TRIM(I38&""))="NOT TESTED","NT",IF(AND(ISNUMBER(IFERROR(VALUE(I38&""),"")),OR(IFERROR(VALUE(I38&""),"")=0,IFERROR(VALUE(I38&""),"")=1,IFERROR(VALUE(I38&""),"")=2,IFERROR(VALUE(I38&""),"")=3)),IFERROR(VALUE(I38&""),""),"BAD")))) | Y38: =IF(OR(AA38,NOT(OR(AND(D38="Must",I38="",SUM($W$6:$W$47)>0),AND(ISNUMBER(X38),X38<2),AND(UPPER(TRIM(I38&""))="N/A",L38<>"Yes"),AND(UPPER(TRIM(I38&""))="NOT TESTED",M38<>"Yes"),AND(NOT(I38=""),NOT(UPPER(TRIM(I38&""))="N/A"),NOT(UPPER(TRIM(I38&""))="NOT TESTED"),NOT(AND(ISNUMBER(IFERROR(VALUE(I38&""),"")),OR(IFERROR(VALUE(I38&""),"")=0,IFERROR(VALUE(I38&""),"")=1,IFERROR(VALUE(I38&""),"")=2,IFERROR(VALUE(I38&""),"")=3))))))),0,1) | Z38: =IF(Y38=1,COUNTIF($Y$6:Y38,1),0) | AA38: =OR(AND(LEFT(A38,1)="O",EngagementType<>"Overall opinion"),AND(A38="G3",StandardsEra="Before 9 January 2025"),AND(A38="E2",OR(INDEX($I$6:$I$47,MATCH("E1",$A$6:$A$47,0))=0,INDEX($I$6:$I$47,MATCH("E1",$A$6:$A$47,0))="0")),AND(A38="B2",UPPER(TRIM(INDEX($I$6:$I$47,MATCH("B1",$A$6:$A$47,0))&""))="N/A"),AND(OR(A38="D1",A38="D2",A38="D3",A38="D4",A38="D5"),UPPER(TRIM(INDEX($I$6:$I$47,MATCH("C1",$A$6:$A$47,0))&""))="N/A")) | AB38: 11.2 | AC38: =IF(AND(NOT(AA38),AND(NOT(I38=""),NOT(UPPER(TRIM(I38&""))="N/A"),NOT(UPPER(TRIM(I38&""))="NOT TESTED"),NOT(AND(ISNUMBER(IFERROR(VALUE(I38&""),"")),OR(IFERROR(VALUE(I38&""),"")=0,IFERROR(VALUE(I38&""),"")=1,IFERROR(VALUE(I38&""),"")=2,IFERROR(VALUE(I38&""),"")=3))))),1,0)
A39: H2 | B39: Reader | C39: Findings | D39: Should | E39: Significant findings stand out | F39: Significant risks are distinguishable from lesser points. Housekeeping does not lead. | G39: ="14.3 "&INDEX('6. Standards'!$B$5:$B$21,MATCH("14.3",'6. Standards'!$A$5:$A$21,0))&" — "&"Requirements. Prioritisation is the Must on C4. This line is a Should" | H39: ="See "&INDEX($A$6:$A$47,MATCH("C4",$A$6:$A$47,0))&", which scores whether every finding has a priority. "&INDEX($A$6:$A$47,MATCH("C4",$A$6:$A$47,0))&" is "&IF(INDEX($I$6:$I$47,MATCH("C4",$A$6:$A$47,0))="","blank",INDEX($I$6:$I$47,MATCH("C4",$A$6:$A$47,0)))&". This line scores whether that priority is visible." | L39: No | M39: No | N39: =IF(OR(OR(AA39,AND(UPPER(TRIM(I39&""))="N/A",L39="Yes"),AND(UPPER(TRIM(I39&""))="NOT TESTED",M39="Yes")),OR(AND(UPPER(TRIM(I39&""))="N/A",L39<>"Yes"),AND(UPPER(TRIM(I39&""))="NOT TESTED",M39<>"Yes"),AND(NOT(I39=""),NOT(UPPER(TRIM(I39&""))="N/A"),NOT(UPPER(TRIM(I39&""))="NOT TESTED"),NOT(AND(ISNUMBER(IFERROR(VALUE(I39&""),"")),OR(IFERROR(VALUE(I39&""),"")=0,IFERROR(VALUE(I39&""),"")=1,IFERROR(VALUE(I39&""),"")=2,IFERROR(VALUE(I39&""),"")=3)))))),0,IF(AND(ISNUMBER(IFERROR(VALUE(I39&""),"")),OR(IFERROR(VALUE(I39&""),"")=0,IFERROR(VALUE(I39&""),"")=1,IFERROR(VALUE(I39&""),"")=2,IFERROR(VALUE(I39&""),"")=3)),IFERROR(VALUE(I39&""),"")*IF(D39="Must",2,1),0)) | O39: =IF(OR(AA39,AND(UPPER(TRIM(I39&""))="N/A",L39="Yes"),AND(UPPER(TRIM(I39&""))="NOT TESTED",M39="Yes")),0,IF(OR(OR(AND(UPPER(TRIM(I39&""))="N/A",L39<>"Yes"),AND(UPPER(TRIM(I39&""))="NOT TESTED",M39<>"Yes"),AND(NOT(I39=""),NOT(UPPER(TRIM(I39&""))="N/A"),NOT(UPPER(TRIM(I39&""))="NOT TESTED"),NOT(AND(ISNUMBER(IFERROR(VALUE(I39&""),"")),OR(IFERROR(VALUE(I39&""),"")=0,IFERROR(VALUE(I39&""),"")=1,IFERROR(VALUE(I39&""),"")=2,IFERROR(VALUE(I39&""),"")=3))))),AND(ISNUMBER(IFERROR(VALUE(I39&""),"")),OR(IFERROR(VALUE(I39&""),"")=0,IFERROR(VALUE(I39&""),"")=1,IFERROR(VALUE(I39&""),"")=2,IFERROR(VALUE(I39&""),"")=3))),3*IF(D39="Must",2,1),0)) | P39: =IF(OR(AA39,NOT(AND(D39="Must",ISNUMBER(X39),X39=0))),0,1) | Q39: =IF(OR(AA39,NOT(AND(D39="Must",ISNUMBER(X39),X39=1))),0,1) | R39: =IF(AND(NOT(AA39),D39="Must",I39=""),1,0) | S39: =IF(AND(NOT(AA39),UPPER(TRIM(I39&""))="N/A",L39<>"Yes"),1,0) | T39: =IF(AND(NOT(AA39),UPPER(TRIM(I39&""))="NOT TESTED",M39<>"Yes"),1,0) | U39: =IF(OR(AA39,NOT(AND(D39="Should",ISNUMBER(X39),X39=0))),0,1) | V39: =IF(OR(AA39,NOT(AND(D39="Should",ISNUMBER(X39),X39=1))),0,1) | W39: =IF(OR(I39="",AA39),0,1) | X39: =IF(I39="","",IF(UPPER(TRIM(I39&""))="N/A","N/A",IF(UPPER(TRIM(I39&""))="NOT TESTED","NT",IF(AND(ISNUMBER(IFERROR(VALUE(I39&""),"")),OR(IFERROR(VALUE(I39&""),"")=0,IFERROR(VALUE(I39&""),"")=1,IFERROR(VALUE(I39&""),"")=2,IFERROR(VALUE(I39&""),"")=3)),IFERROR(VALUE(I39&""),""),"BAD")))) | Y39: =IF(OR(AA39,NOT(OR(AND(D39="Must",I39="",SUM($W$6:$W$47)>0),AND(ISNUMBER(X39),X39<2),AND(UPPER(TRIM(I39&""))="N/A",L39<>"Yes"),AND(UPPER(TRIM(I39&""))="NOT TESTED",M39<>"Yes"),AND(NOT(I39=""),NOT(UPPER(TRIM(I39&""))="N/A"),NOT(UPPER(TRIM(I39&""))="NOT TESTED"),NOT(AND(ISNUMBER(IFERROR(VALUE(I39&""),"")),OR(IFERROR(VALUE(I39&""),"")=0,IFERROR(VALUE(I39&""),"")=1,IFERROR(VALUE(I39&""),"")=2,IFERROR(VALUE(I39&""),"")=3))))))),0,1) | Z39: =IF(Y39=1,COUNTIF($Y$6:Y39,1),0) | AA39: =OR(AND(LEFT(A39,1)="O",EngagementType<>"Overall opinion"),AND(A39="G3",StandardsEra="Before 9 January 2025"),AND(A39="E2",OR(INDEX($I$6:$I$47,MATCH("E1",$A$6:$A$47,0))=0,INDEX($I$6:$I$47,MATCH("E1",$A$6:$A$47,0))="0")),AND(A39="B2",UPPER(TRIM(INDEX($I$6:$I$47,MATCH("B1",$A$6:$A$47,0))&""))="N/A"),AND(OR(A39="D1",A39="D2",A39="D3",A39="D4",A39="D5"),UPPER(TRIM(INDEX($I$6:$I$47,MATCH("C1",$A$6:$A$47,0))&""))="N/A")) | AB39: 14.3 | AC39: =IF(AND(NOT(AA39),AND(NOT(I39=""),NOT(UPPER(TRIM(I39&""))="N/A"),NOT(UPPER(TRIM(I39&""))="NOT TESTED"),NOT(AND(ISNUMBER(IFERROR(VALUE(I39&""),"")),OR(IFERROR(VALUE(I39&""),"")=0,IFERROR(VALUE(I39&""),"")=1,IFERROR(VALUE(I39&""),"")=2,IFERROR(VALUE(I39&""),"")=3))))),1,0)
A40: H3 | B40: Reader | C40: Close | D40: Should | E40: A pattern in this engagement is stated | F40: Where the findings in this engagement share a cause, the report says so. Use N/A when they do not. A theme across several audits is an 11.3 communication, not a requirement of this report. | G40: ="14.3 "&INDEX('6. Standards'!$B$5:$B$21,MATCH("14.3",'6. Standards'!$A$5:$A$21,0))&" — "&"considerations"&CHAR(10)&"11.3 "&INDEX('6. Standards'!$B$5:$B$21,MATCH("11.3",'6. Standards'!$A$5:$A$21,0))&" — "&"themes across engagements, not a requirement of this report" | H40: ="No other line switches this off." | L40: Yes | M40: No | N40: =IF(OR(OR(AA40,AND(UPPER(TRIM(I40&""))="N/A",L40="Yes"),AND(UPPER(TRIM(I40&""))="NOT TESTED",M40="Yes")),OR(AND(UPPER(TRIM(I40&""))="N/A",L40<>"Yes"),AND(UPPER(TRIM(I40&""))="NOT TESTED",M40<>"Yes"),AND(NOT(I40=""),NOT(UPPER(TRIM(I40&""))="N/A"),NOT(UPPER(TRIM(I40&""))="NOT TESTED"),NOT(AND(ISNUMBER(IFERROR(VALUE(I40&""),"")),OR(IFERROR(VALUE(I40&""),"")=0,IFERROR(VALUE(I40&""),"")=1,IFERROR(VALUE(I40&""),"")=2,IFERROR(VALUE(I40&""),"")=3)))))),0,IF(AND(ISNUMBER(IFERROR(VALUE(I40&""),"")),OR(IFERROR(VALUE(I40&""),"")=0,IFERROR(VALUE(I40&""),"")=1,IFERROR(VALUE(I40&""),"")=2,IFERROR(VALUE(I40&""),"")=3)),IFERROR(VALUE(I40&""),"")*IF(D40="Must",2,1),0)) | O40: =IF(OR(AA40,AND(UPPER(TRIM(I40&""))="N/A",L40="Yes"),AND(UPPER(TRIM(I40&""))="NOT TESTED",M40="Yes")),0,IF(OR(OR(AND(UPPER(TRIM(I40&""))="N/A",L40<>"Yes"),AND(UPPER(TRIM(I40&""))="NOT TESTED",M40<>"Yes"),AND(NOT(I40=""),NOT(UPPER(TRIM(I40&""))="N/A"),NOT(UPPER(TRIM(I40&""))="NOT TESTED"),NOT(AND(ISNUMBER(IFERROR(VALUE(I40&""),"")),OR(IFERROR(VALUE(I40&""),"")=0,IFERROR(VALUE(I40&""),"")=1,IFERROR(VALUE(I40&""),"")=2,IFERROR(VALUE(I40&""),"")=3))))),AND(ISNUMBER(IFERROR(VALUE(I40&""),"")),OR(IFERROR(VALUE(I40&""),"")=0,IFERROR(VALUE(I40&""),"")=1,IFERROR(VALUE(I40&""),"")=2,IFERROR(VALUE(I40&""),"")=3))),3*IF(D40="Must",2,1),0)) | P40: =IF(OR(AA40,NOT(AND(D40="Must",ISNUMBER(X40),X40=0))),0,1) | Q40: =IF(OR(AA40,NOT(AND(D40="Must",ISNUMBER(X40),X40=1))),0,1) | R40: =IF(AND(NOT(AA40),D40="Must",I40=""),1,0) | S40: =IF(AND(NOT(AA40),UPPER(TRIM(I40&""))="N/A",L40<>"Yes"),1,0) | T40: =IF(AND(NOT(AA40),UPPER(TRIM(I40&""))="NOT TESTED",M40<>"Yes"),1,0) | U40: =IF(OR(AA40,NOT(AND(D40="Should",ISNUMBER(X40),X40=0))),0,1) | V40: =IF(OR(AA40,NOT(AND(D40="Should",ISNUMBER(X40),X40=1))),0,1) | W40: =IF(OR(I40="",AA40),0,1) | X40: =IF(I40="","",IF(UPPER(TRIM(I40&""))="N/A","N/A",IF(UPPER(TRIM(I40&""))="NOT TESTED","NT",IF(AND(ISNUMBER(IFERROR(VALUE(I40&""),"")),OR(IFERROR(VALUE(I40&""),"")=0,IFERROR(VALUE(I40&""),"")=1,IFERROR(VALUE(I40&""),"")=2,IFERROR(VALUE(I40&""),"")=3)),IFERROR(VALUE(I40&""),""),"BAD")))) | Y40: =IF(OR(AA40,NOT(OR(AND(D40="Must",I40="",SUM($W$6:$W$47)>0),AND(ISNUMBER(X40),X40<2),AND(UPPER(TRIM(I40&""))="N/A",L40<>"Yes"),AND(UPPER(TRIM(I40&""))="NOT TESTED",M40<>"Yes"),AND(NOT(I40=""),NOT(UPPER(TRIM(I40&""))="N/A"),NOT(UPPER(TRIM(I40&""))="NOT TESTED"),NOT(AND(ISNUMBER(IFERROR(VALUE(I40&""),"")),OR(IFERROR(VALUE(I40&""),"")=0,IFERROR(VALUE(I40&""),"")=1,IFERROR(VALUE(I40&""),"")=2,IFERROR(VALUE(I40&""),"")=3))))))),0,1) | Z40: =IF(Y40=1,COUNTIF($Y$6:Y40,1),0) | AA40: =OR(AND(LEFT(A40,1)="O",EngagementType<>"Overall opinion"),AND(A40="G3",StandardsEra="Before 9 January 2025"),AND(A40="E2",OR(INDEX($I$6:$I$47,MATCH("E1",$A$6:$A$47,0))=0,INDEX($I$6:$I$47,MATCH("E1",$A$6:$A$47,0))="0")),AND(A40="B2",UPPER(TRIM(INDEX($I$6:$I$47,MATCH("B1",$A$6:$A$47,0))&""))="N/A"),AND(OR(A40="D1",A40="D2",A40="D3",A40="D4",A40="D5"),UPPER(TRIM(INDEX($I$6:$I$47,MATCH("C1",$A$6:$A$47,0))&""))="N/A")) | AB40: 14.3;11.3 | AC40: =IF(AND(NOT(AA40),AND(NOT(I40=""),NOT(UPPER(TRIM(I40&""))="N/A"),NOT(UPPER(TRIM(I40&""))="NOT TESTED"),NOT(AND(ISNUMBER(IFERROR(VALUE(I40&""),"")),OR(IFERROR(VALUE(I40&""),"")=0,IFERROR(VALUE(I40&""),"")=1,IFERROR(VALUE(I40&""),"")=2,IFERROR(VALUE(I40&""),"")=3))))),1,0)
A41: H4 | B41: Reader | C41: Close | D41: Should | E41: The result is tied to the activity’s objectives | F41: The report says what the findings mean for the activity, including when an impact is serious for the activity and not for the organisation as a whole. | G41: ="14.5 "&INDEX('6. Standards'!$B$5:$B$21,MATCH("14.5",'6. Standards'!$A$5:$A$21,0))&" — "&"considerations" | H41: ="See "&INDEX($A$6:$A$47,MATCH("E1",$A$6:$A$47,0))&". The conclusion’s link to the objectives is also part of Standard 14.5. "&INDEX($A$6:$A$47,MATCH("E1",$A$6:$A$47,0))&" is "&IF(INDEX($I$6:$I$47,MATCH("E1",$A$6:$A$47,0))="","blank",INDEX($I$6:$I$47,MATCH("E1",$A$6:$A$47,0)))&"." | L41: No | M41: No | N41: =IF(OR(OR(AA41,AND(UPPER(TRIM(I41&""))="N/A",L41="Yes"),AND(UPPER(TRIM(I41&""))="NOT TESTED",M41="Yes")),OR(AND(UPPER(TRIM(I41&""))="N/A",L41<>"Yes"),AND(UPPER(TRIM(I41&""))="NOT TESTED",M41<>"Yes"),AND(NOT(I41=""),NOT(UPPER(TRIM(I41&""))="N/A"),NOT(UPPER(TRIM(I41&""))="NOT TESTED"),NOT(AND(ISNUMBER(IFERROR(VALUE(I41&""),"")),OR(IFERROR(VALUE(I41&""),"")=0,IFERROR(VALUE(I41&""),"")=1,IFERROR(VALUE(I41&""),"")=2,IFERROR(VALUE(I41&""),"")=3)))))),0,IF(AND(ISNUMBER(IFERROR(VALUE(I41&""),"")),OR(IFERROR(VALUE(I41&""),"")=0,IFERROR(VALUE(I41&""),"")=1,IFERROR(VALUE(I41&""),"")=2,IFERROR(VALUE(I41&""),"")=3)),IFERROR(VALUE(I41&""),"")*IF(D41="Must",2,1),0)) | O41: =IF(OR(AA41,AND(UPPER(TRIM(I41&""))="N/A",L41="Yes"),AND(UPPER(TRIM(I41&""))="NOT TESTED",M41="Yes")),0,IF(OR(OR(AND(UPPER(TRIM(I41&""))="N/A",L41<>"Yes"),AND(UPPER(TRIM(I41&""))="NOT TESTED",M41<>"Yes"),AND(NOT(I41=""),NOT(UPPER(TRIM(I41&""))="N/A"),NOT(UPPER(TRIM(I41&""))="NOT TESTED"),NOT(AND(ISNUMBER(IFERROR(VALUE(I41&""),"")),OR(IFERROR(VALUE(I41&""),"")=0,IFERROR(VALUE(I41&""),"")=1,IFERROR(VALUE(I41&""),"")=2,IFERROR(VALUE(I41&""),"")=3))))),AND(ISNUMBER(IFERROR(VALUE(I41&""),"")),OR(IFERROR(VALUE(I41&""),"")=0,IFERROR(VALUE(I41&""),"")=1,IFERROR(VALUE(I41&""),"")=2,IFERROR(VALUE(I41&""),"")=3))),3*IF(D41="Must",2,1),0)) | P41: =IF(OR(AA41,NOT(AND(D41="Must",ISNUMBER(X41),X41=0))),0,1) | Q41: =IF(OR(AA41,NOT(AND(D41="Must",ISNUMBER(X41),X41=1))),0,1) | R41: =IF(AND(NOT(AA41),D41="Must",I41=""),1,0) | S41: =IF(AND(NOT(AA41),UPPER(TRIM(I41&""))="N/A",L41<>"Yes"),1,0) | T41: =IF(AND(NOT(AA41),UPPER(TRIM(I41&""))="NOT TESTED",M41<>"Yes"),1,0) | U41: =IF(OR(AA41,NOT(AND(D41="Should",ISNUMBER(X41),X41=0))),0,1) | V41: =IF(OR(AA41,NOT(AND(D41="Should",ISNUMBER(X41),X41=1))),0,1) | W41: =IF(OR(I41="",AA41),0,1) | X41: =IF(I41="","",IF(UPPER(TRIM(I41&""))="N/A","N/A",IF(UPPER(TRIM(I41&""))="NOT TESTED","NT",IF(AND(ISNUMBER(IFERROR(VALUE(I41&""),"")),OR(IFERROR(VALUE(I41&""),"")=0,IFERROR(VALUE(I41&""),"")=1,IFERROR(VALUE(I41&""),"")=2,IFERROR(VALUE(I41&""),"")=3)),IFERROR(VALUE(I41&""),""),"BAD")))) | Y41: =IF(OR(AA41,NOT(OR(AND(D41="Must",I41="",SUM($W$6:$W$47)>0),AND(ISNUMBER(X41),X41<2),AND(UPPER(TRIM(I41&""))="N/A",L41<>"Yes"),AND(UPPER(TRIM(I41&""))="NOT TESTED",M41<>"Yes"),AND(NOT(I41=""),NOT(UPPER(TRIM(I41&""))="N/A"),NOT(UPPER(TRIM(I41&""))="NOT TESTED"),NOT(AND(ISNUMBER(IFERROR(VALUE(I41&""),"")),OR(IFERROR(VALUE(I41&""),"")=0,IFERROR(VALUE(I41&""),"")=1,IFERROR(VALUE(I41&""),"")=2,IFERROR(VALUE(I41&""),"")=3))))))),0,1) | Z41: =IF(Y41=1,COUNTIF($Y$6:Y41,1),0) | AA41: =OR(AND(LEFT(A41,1)="O",EngagementType<>"Overall opinion"),AND(A41="G3",StandardsEra="Before 9 January 2025"),AND(A41="E2",OR(INDEX($I$6:$I$47,MATCH("E1",$A$6:$A$47,0))=0,INDEX($I$6:$I$47,MATCH("E1",$A$6:$A$47,0))="0")),AND(A41="B2",UPPER(TRIM(INDEX($I$6:$I$47,MATCH("B1",$A$6:$A$47,0))&""))="N/A"),AND(OR(A41="D1",A41="D2",A41="D3",A41="D4",A41="D5"),UPPER(TRIM(INDEX($I$6:$I$47,MATCH("C1",$A$6:$A$47,0))&""))="N/A")) | AB41: 14.5 | AC41: =IF(AND(NOT(AA41),AND(NOT(I41=""),NOT(UPPER(TRIM(I41&""))="N/A"),NOT(UPPER(TRIM(I41&""))="NOT TESTED"),NOT(AND(ISNUMBER(IFERROR(VALUE(I41&""),"")),OR(IFERROR(VALUE(I41&""),"")=0,IFERROR(VALUE(I41&""),"")=1,IFERROR(VALUE(I41&""),"")=2,IFERROR(VALUE(I41&""),"")=3))))),1,0)
A42: H5 | B42: Reader | C42: Close | D42: Should | E42: Management’s position is on the record | F42: Management’s response is recorded. Disagreement does not remove either position. Use Not tested on a draft whose response column is still open. On a final report, a blank response scores 1. | G42: ="13.1 "&INDEX('6. Standards'!$B$5:$B$21,MATCH("13.1",'6. Standards'!$A$5:$A$21,0))&" — "&"Requirements, scored as Should"&CHAR(10)&"14.4 "&INDEX('6. Standards'!$B$5:$B$21,MATCH("14.4",'6. Standards'!$A$5:$A$21,0))&" — "&"Requirements, scored as Should" | H42: ="No other line switches this off." | L42: No | M42: Yes | N42: =IF(OR(OR(AA42,AND(UPPER(TRIM(I42&""))="N/A",L42="Yes"),AND(UPPER(TRIM(I42&""))="NOT TESTED",M42="Yes")),OR(AND(UPPER(TRIM(I42&""))="N/A",L42<>"Yes"),AND(UPPER(TRIM(I42&""))="NOT TESTED",M42<>"Yes"),AND(NOT(I42=""),NOT(UPPER(TRIM(I42&""))="N/A"),NOT(UPPER(TRIM(I42&""))="NOT TESTED"),NOT(AND(ISNUMBER(IFERROR(VALUE(I42&""),"")),OR(IFERROR(VALUE(I42&""),"")=0,IFERROR(VALUE(I42&""),"")=1,IFERROR(VALUE(I42&""),"")=2,IFERROR(VALUE(I42&""),"")=3)))))),0,IF(AND(ISNUMBER(IFERROR(VALUE(I42&""),"")),OR(IFERROR(VALUE(I42&""),"")=0,IFERROR(VALUE(I42&""),"")=1,IFERROR(VALUE(I42&""),"")=2,IFERROR(VALUE(I42&""),"")=3)),IFERROR(VALUE(I42&""),"")*IF(D42="Must",2,1),0)) | O42: =IF(OR(AA42,AND(UPPER(TRIM(I42&""))="N/A",L42="Yes"),AND(UPPER(TRIM(I42&""))="NOT TESTED",M42="Yes")),0,IF(OR(OR(AND(UPPER(TRIM(I42&""))="N/A",L42<>"Yes"),AND(UPPER(TRIM(I42&""))="NOT TESTED",M42<>"Yes"),AND(NOT(I42=""),NOT(UPPER(TRIM(I42&""))="N/A"),NOT(UPPER(TRIM(I42&""))="NOT TESTED"),NOT(AND(ISNUMBER(IFERROR(VALUE(I42&""),"")),OR(IFERROR(VALUE(I42&""),"")=0,IFERROR(VALUE(I42&""),"")=1,IFERROR(VALUE(I42&""),"")=2,IFERROR(VALUE(I42&""),"")=3))))),AND(ISNUMBER(IFERROR(VALUE(I42&""),"")),OR(IFERROR(VALUE(I42&""),"")=0,IFERROR(VALUE(I42&""),"")=1,IFERROR(VALUE(I42&""),"")=2,IFERROR(VALUE(I42&""),"")=3))),3*IF(D42="Must",2,1),0)) | P42: =IF(OR(AA42,NOT(AND(D42="Must",ISNUMBER(X42),X42=0))),0,1) | Q42: =IF(OR(AA42,NOT(AND(D42="Must",ISNUMBER(X42),X42=1))),0,1) | R42: =IF(AND(NOT(AA42),D42="Must",I42=""),1,0) | S42: =IF(AND(NOT(AA42),UPPER(TRIM(I42&""))="N/A",L42<>"Yes"),1,0) | T42: =IF(AND(NOT(AA42),UPPER(TRIM(I42&""))="NOT TESTED",M42<>"Yes"),1,0) | U42: =IF(OR(AA42,NOT(AND(D42="Should",ISNUMBER(X42),X42=0))),0,1) | V42: =IF(OR(AA42,NOT(AND(D42="Should",ISNUMBER(X42),X42=1))),0,1) | W42: =IF(OR(I42="",AA42),0,1) | X42: =IF(I42="","",IF(UPPER(TRIM(I42&""))="N/A","N/A",IF(UPPER(TRIM(I42&""))="NOT TESTED","NT",IF(AND(ISNUMBER(IFERROR(VALUE(I42&""),"")),OR(IFERROR(VALUE(I42&""),"")=0,IFERROR(VALUE(I42&""),"")=1,IFERROR(VALUE(I42&""),"")=2,IFERROR(VALUE(I42&""),"")=3)),IFERROR(VALUE(I42&""),""),"BAD")))) | Y42: =IF(OR(AA42,NOT(OR(AND(D42="Must",I42="",SUM($W$6:$W$47)>0),AND(ISNUMBER(X42),X42<2),AND(UPPER(TRIM(I42&""))="N/A",L42<>"Yes"),AND(UPPER(TRIM(I42&""))="NOT TESTED",M42<>"Yes"),AND(NOT(I42=""),NOT(UPPER(TRIM(I42&""))="N/A"),NOT(UPPER(TRIM(I42&""))="NOT TESTED"),NOT(AND(ISNUMBER(IFERROR(VALUE(I42&""),"")),OR(IFERROR(VALUE(I42&""),"")=0,IFERROR(VALUE(I42&""),"")=1,IFERROR(VALUE(I42&""),"")=2,IFERROR(VALUE(I42&""),"")=3))))))),0,1) | Z42: =IF(Y42=1,COUNTIF($Y$6:Y42,1),0) | AA42: =OR(AND(LEFT(A42,1)="O",EngagementType<>"Overall opinion"),AND(A42="G3",StandardsEra="Before 9 January 2025"),AND(A42="E2",OR(INDEX($I$6:$I$47,MATCH("E1",$A$6:$A$47,0))=0,INDEX($I$6:$I$47,MATCH("E1",$A$6:$A$47,0))="0")),AND(A42="B2",UPPER(TRIM(INDEX($I$6:$I$47,MATCH("B1",$A$6:$A$47,0))&""))="N/A"),AND(OR(A42="D1",A42="D2",A42="D3",A42="D4",A42="D5"),UPPER(TRIM(INDEX($I$6:$I$47,MATCH("C1",$A$6:$A$47,0))&""))="N/A")) | AB42: 13.1;14.4 | AC42: =IF(AND(NOT(AA42),AND(NOT(I42=""),NOT(UPPER(TRIM(I42&""))="N/A"),NOT(UPPER(TRIM(I42&""))="NOT TESTED"),NOT(AND(ISNUMBER(IFERROR(VALUE(I42&""),"")),OR(IFERROR(VALUE(I42&""),"")=0,IFERROR(VALUE(I42&""),"")=1,IFERROR(VALUE(I42&""),"")=2,IFERROR(VALUE(I42&""),"")=3))))),1,0)
A43: O1 | B43: Overall opinion | C43: Close | D43: Must | E43: The request for the overall conclusion is summarised | F43: The communication says who asked for the conclusion and what was asked. Leave blank on an engagement report. The scorecard ignores these five lines unless the type is Overall opinion. | G43: ="11.3 "&INDEX('6. Standards'!$B$5:$B$21,MATCH("11.3",'6. Standards'!$A$5:$A$21,0))&" — "&INDEX('6. Standards'!$C$5:$C$21,MATCH("11.3",'6. Standards'!$A$5:$A$21,0)) | H43: =IF(EngagementType<>"Overall opinion","Off. These lines apply only when 2. Details says Overall opinion. Type is "&IF(EngagementType="","not set",EngagementType)&".","On. Standard 11.3 requires this element of an overall conclusion.") | L43: No | M43: No | N43: =IF(OR(OR(AA43,AND(UPPER(TRIM(I43&""))="N/A",L43="Yes"),AND(UPPER(TRIM(I43&""))="NOT TESTED",M43="Yes")),OR(AND(UPPER(TRIM(I43&""))="N/A",L43<>"Yes"),AND(UPPER(TRIM(I43&""))="NOT TESTED",M43<>"Yes"),AND(NOT(I43=""),NOT(UPPER(TRIM(I43&""))="N/A"),NOT(UPPER(TRIM(I43&""))="NOT TESTED"),NOT(AND(ISNUMBER(IFERROR(VALUE(I43&""),"")),OR(IFERROR(VALUE(I43&""),"")=0,IFERROR(VALUE(I43&""),"")=1,IFERROR(VALUE(I43&""),"")=2,IFERROR(VALUE(I43&""),"")=3)))))),0,IF(AND(ISNUMBER(IFERROR(VALUE(I43&""),"")),OR(IFERROR(VALUE(I43&""),"")=0,IFERROR(VALUE(I43&""),"")=1,IFERROR(VALUE(I43&""),"")=2,IFERROR(VALUE(I43&""),"")=3)),IFERROR(VALUE(I43&""),"")*IF(D43="Must",2,1),0)) | O43: =IF(OR(AA43,AND(UPPER(TRIM(I43&""))="N/A",L43="Yes"),AND(UPPER(TRIM(I43&""))="NOT TESTED",M43="Yes")),0,IF(OR(OR(AND(UPPER(TRIM(I43&""))="N/A",L43<>"Yes"),AND(UPPER(TRIM(I43&""))="NOT TESTED",M43<>"Yes"),AND(NOT(I43=""),NOT(UPPER(TRIM(I43&""))="N/A"),NOT(UPPER(TRIM(I43&""))="NOT TESTED"),NOT(AND(ISNUMBER(IFERROR(VALUE(I43&""),"")),OR(IFERROR(VALUE(I43&""),"")=0,IFERROR(VALUE(I43&""),"")=1,IFERROR(VALUE(I43&""),"")=2,IFERROR(VALUE(I43&""),"")=3))))),AND(ISNUMBER(IFERROR(VALUE(I43&""),"")),OR(IFERROR(VALUE(I43&""),"")=0,IFERROR(VALUE(I43&""),"")=1,IFERROR(VALUE(I43&""),"")=2,IFERROR(VALUE(I43&""),"")=3))),3*IF(D43="Must",2,1),0)) | P43: =IF(OR(AA43,NOT(AND(D43="Must",ISNUMBER(X43),X43=0))),0,1) | Q43: =IF(OR(AA43,NOT(AND(D43="Must",ISNUMBER(X43),X43=1))),0,1) | R43: =IF(AND(NOT(AA43),D43="Must",I43=""),1,0) | S43: =IF(AND(NOT(AA43),UPPER(TRIM(I43&""))="N/A",L43<>"Yes"),1,0) | T43: =IF(AND(NOT(AA43),UPPER(TRIM(I43&""))="NOT TESTED",M43<>"Yes"),1,0) | U43: =IF(OR(AA43,NOT(AND(D43="Should",ISNUMBER(X43),X43=0))),0,1) | V43: =IF(OR(AA43,NOT(AND(D43="Should",ISNUMBER(X43),X43=1))),0,1) | W43: =IF(OR(I43="",AA43),0,1) | X43: =IF(I43="","",IF(UPPER(TRIM(I43&""))="N/A","N/A",IF(UPPER(TRIM(I43&""))="NOT TESTED","NT",IF(AND(ISNUMBER(IFERROR(VALUE(I43&""),"")),OR(IFERROR(VALUE(I43&""),"")=0,IFERROR(VALUE(I43&""),"")=1,IFERROR(VALUE(I43&""),"")=2,IFERROR(VALUE(I43&""),"")=3)),IFERROR(VALUE(I43&""),""),"BAD")))) | Y43: =IF(OR(AA43,NOT(OR(AND(D43="Must",I43="",SUM($W$6:$W$47)>0),AND(ISNUMBER(X43),X43<2),AND(UPPER(TRIM(I43&""))="N/A",L43<>"Yes"),AND(UPPER(TRIM(I43&""))="NOT TESTED",M43<>"Yes"),AND(NOT(I43=""),NOT(UPPER(TRIM(I43&""))="N/A"),NOT(UPPER(TRIM(I43&""))="NOT TESTED"),NOT(AND(ISNUMBER(IFERROR(VALUE(I43&""),"")),OR(IFERROR(VALUE(I43&""),"")=0,IFERROR(VALUE(I43&""),"")=1,IFERROR(VALUE(I43&""),"")=2,IFERROR(VALUE(I43&""),"")=3))))))),0,1) | Z43: =IF(Y43=1,COUNTIF($Y$6:Y43,1),0) | AA43: =OR(AND(LEFT(A43,1)="O",EngagementType<>"Overall opinion"),AND(A43="G3",StandardsEra="Before 9 January 2025"),AND(A43="E2",OR(INDEX($I$6:$I$47,MATCH("E1",$A$6:$A$47,0))=0,INDEX($I$6:$I$47,MATCH("E1",$A$6:$A$47,0))="0")),AND(A43="B2",UPPER(TRIM(INDEX($I$6:$I$47,MATCH("B1",$A$6:$A$47,0))&""))="N/A"),AND(OR(A43="D1",A43="D2",A43="D3",A43="D4",A43="D5"),UPPER(TRIM(INDEX($I$6:$I$47,MATCH("C1",$A$6:$A$47,0))&""))="N/A")) | AB43: 11.3 | AC43: =IF(AND(NOT(AA43),AND(NOT(I43=""),NOT(UPPER(TRIM(I43&""))="N/A"),NOT(UPPER(TRIM(I43&""))="NOT TESTED"),NOT(AND(ISNUMBER(IFERROR(VALUE(I43&""),"")),OR(IFERROR(VALUE(I43&""),"")=0,IFERROR(VALUE(I43&""),"")=1,IFERROR(VALUE(I43&""),"")=2,IFERROR(VALUE(I43&""),"")=3))))),1,0)
A44: O2 | B44: Overall opinion | C44: Close | D44: Must | E44: The criteria for the overall conclusion are stated | F44: The conclusion names the framework or other criteria it uses, for example a governance or risk and control framework. | G44: ="11.3 "&INDEX('6. Standards'!$B$5:$B$21,MATCH("11.3",'6. Standards'!$A$5:$A$21,0))&" — "&INDEX('6. Standards'!$C$5:$C$21,MATCH("11.3",'6. Standards'!$A$5:$A$21,0)) | H44: =IF(EngagementType<>"Overall opinion","Off. These lines apply only when 2. Details says Overall opinion. Type is "&IF(EngagementType="","not set",EngagementType)&".","On. Standard 11.3 requires this element of an overall conclusion.") | L44: No | M44: No | N44: =IF(OR(OR(AA44,AND(UPPER(TRIM(I44&""))="N/A",L44="Yes"),AND(UPPER(TRIM(I44&""))="NOT TESTED",M44="Yes")),OR(AND(UPPER(TRIM(I44&""))="N/A",L44<>"Yes"),AND(UPPER(TRIM(I44&""))="NOT TESTED",M44<>"Yes"),AND(NOT(I44=""),NOT(UPPER(TRIM(I44&""))="N/A"),NOT(UPPER(TRIM(I44&""))="NOT TESTED"),NOT(AND(ISNUMBER(IFERROR(VALUE(I44&""),"")),OR(IFERROR(VALUE(I44&""),"")=0,IFERROR(VALUE(I44&""),"")=1,IFERROR(VALUE(I44&""),"")=2,IFERROR(VALUE(I44&""),"")=3)))))),0,IF(AND(ISNUMBER(IFERROR(VALUE(I44&""),"")),OR(IFERROR(VALUE(I44&""),"")=0,IFERROR(VALUE(I44&""),"")=1,IFERROR(VALUE(I44&""),"")=2,IFERROR(VALUE(I44&""),"")=3)),IFERROR(VALUE(I44&""),"")*IF(D44="Must",2,1),0)) | O44: =IF(OR(AA44,AND(UPPER(TRIM(I44&""))="N/A",L44="Yes"),AND(UPPER(TRIM(I44&""))="NOT TESTED",M44="Yes")),0,IF(OR(OR(AND(UPPER(TRIM(I44&""))="N/A",L44<>"Yes"),AND(UPPER(TRIM(I44&""))="NOT TESTED",M44<>"Yes"),AND(NOT(I44=""),NOT(UPPER(TRIM(I44&""))="N/A"),NOT(UPPER(TRIM(I44&""))="NOT TESTED"),NOT(AND(ISNUMBER(IFERROR(VALUE(I44&""),"")),OR(IFERROR(VALUE(I44&""),"")=0,IFERROR(VALUE(I44&""),"")=1,IFERROR(VALUE(I44&""),"")=2,IFERROR(VALUE(I44&""),"")=3))))),AND(ISNUMBER(IFERROR(VALUE(I44&""),"")),OR(IFERROR(VALUE(I44&""),"")=0,IFERROR(VALUE(I44&""),"")=1,IFERROR(VALUE(I44&""),"")=2,IFERROR(VALUE(I44&""),"")=3))),3*IF(D44="Must",2,1),0)) | P44: =IF(OR(AA44,NOT(AND(D44="Must",ISNUMBER(X44),X44=0))),0,1) | Q44: =IF(OR(AA44,NOT(AND(D44="Must",ISNUMBER(X44),X44=1))),0,1) | R44: =IF(AND(NOT(AA44),D44="Must",I44=""),1,0) | S44: =IF(AND(NOT(AA44),UPPER(TRIM(I44&""))="N/A",L44<>"Yes"),1,0) | T44: =IF(AND(NOT(AA44),UPPER(TRIM(I44&""))="NOT TESTED",M44<>"Yes"),1,0) | U44: =IF(OR(AA44,NOT(AND(D44="Should",ISNUMBER(X44),X44=0))),0,1) | V44: =IF(OR(AA44,NOT(AND(D44="Should",ISNUMBER(X44),X44=1))),0,1) | W44: =IF(OR(I44="",AA44),0,1) | X44: =IF(I44="","",IF(UPPER(TRIM(I44&""))="N/A","N/A",IF(UPPER(TRIM(I44&""))="NOT TESTED","NT",IF(AND(ISNUMBER(IFERROR(VALUE(I44&""),"")),OR(IFERROR(VALUE(I44&""),"")=0,IFERROR(VALUE(I44&""),"")=1,IFERROR(VALUE(I44&""),"")=2,IFERROR(VALUE(I44&""),"")=3)),IFERROR(VALUE(I44&""),""),"BAD")))) | Y44: =IF(OR(AA44,NOT(OR(AND(D44="Must",I44="",SUM($W$6:$W$47)>0),AND(ISNUMBER(X44),X44<2),AND(UPPER(TRIM(I44&""))="N/A",L44<>"Yes"),AND(UPPER(TRIM(I44&""))="NOT TESTED",M44<>"Yes"),AND(NOT(I44=""),NOT(UPPER(TRIM(I44&""))="N/A"),NOT(UPPER(TRIM(I44&""))="NOT TESTED"),NOT(AND(ISNUMBER(IFERROR(VALUE(I44&""),"")),OR(IFERROR(VALUE(I44&""),"")=0,IFERROR(VALUE(I44&""),"")=1,IFERROR(VALUE(I44&""),"")=2,IFERROR(VALUE(I44&""),"")=3))))))),0,1) | Z44: =IF(Y44=1,COUNTIF($Y$6:Y44,1),0) | AA44: =OR(AND(LEFT(A44,1)="O",EngagementType<>"Overall opinion"),AND(A44="G3",StandardsEra="Before 9 January 2025"),AND(A44="E2",OR(INDEX($I$6:$I$47,MATCH("E1",$A$6:$A$47,0))=0,INDEX($I$6:$I$47,MATCH("E1",$A$6:$A$47,0))="0")),AND(A44="B2",UPPER(TRIM(INDEX($I$6:$I$47,MATCH("B1",$A$6:$A$47,0))&""))="N/A"),AND(OR(A44="D1",A44="D2",A44="D3",A44="D4",A44="D5"),UPPER(TRIM(INDEX($I$6:$I$47,MATCH("C1",$A$6:$A$47,0))&""))="N/A")) | AB44: 11.3 | AC44: =IF(AND(NOT(AA44),AND(NOT(I44=""),NOT(UPPER(TRIM(I44&""))="N/A"),NOT(UPPER(TRIM(I44&""))="NOT TESTED"),NOT(AND(ISNUMBER(IFERROR(VALUE(I44&""),"")),OR(IFERROR(VALUE(I44&""),"")=0,IFERROR(VALUE(I44&""),"")=1,IFERROR(VALUE(I44&""),"")=2,IFERROR(VALUE(I44&""),"")=3))))),1,0)
A45: O3 | B45: Overall opinion | C45: Close | D45: Must | E45: Scope, limitations, and period are stated | F45: The scope includes the limitations and the period the conclusion covers. | G45: ="11.3 "&INDEX('6. Standards'!$B$5:$B$21,MATCH("11.3",'6. Standards'!$A$5:$A$21,0))&" — "&INDEX('6. Standards'!$C$5:$C$21,MATCH("11.3",'6. Standards'!$A$5:$A$21,0)) | H45: =IF(EngagementType<>"Overall opinion","Off. These lines apply only when 2. Details says Overall opinion. Type is "&IF(EngagementType="","not set",EngagementType)&".","On. Standard 11.3 requires this element of an overall conclusion.") | L45: No | M45: No | N45: =IF(OR(OR(AA45,AND(UPPER(TRIM(I45&""))="N/A",L45="Yes"),AND(UPPER(TRIM(I45&""))="NOT TESTED",M45="Yes")),OR(AND(UPPER(TRIM(I45&""))="N/A",L45<>"Yes"),AND(UPPER(TRIM(I45&""))="NOT TESTED",M45<>"Yes"),AND(NOT(I45=""),NOT(UPPER(TRIM(I45&""))="N/A"),NOT(UPPER(TRIM(I45&""))="NOT TESTED"),NOT(AND(ISNUMBER(IFERROR(VALUE(I45&""),"")),OR(IFERROR(VALUE(I45&""),"")=0,IFERROR(VALUE(I45&""),"")=1,IFERROR(VALUE(I45&""),"")=2,IFERROR(VALUE(I45&""),"")=3)))))),0,IF(AND(ISNUMBER(IFERROR(VALUE(I45&""),"")),OR(IFERROR(VALUE(I45&""),"")=0,IFERROR(VALUE(I45&""),"")=1,IFERROR(VALUE(I45&""),"")=2,IFERROR(VALUE(I45&""),"")=3)),IFERROR(VALUE(I45&""),"")*IF(D45="Must",2,1),0)) | O45: =IF(OR(AA45,AND(UPPER(TRIM(I45&""))="N/A",L45="Yes"),AND(UPPER(TRIM(I45&""))="NOT TESTED",M45="Yes")),0,IF(OR(OR(AND(UPPER(TRIM(I45&""))="N/A",L45<>"Yes"),AND(UPPER(TRIM(I45&""))="NOT TESTED",M45<>"Yes"),AND(NOT(I45=""),NOT(UPPER(TRIM(I45&""))="N/A"),NOT(UPPER(TRIM(I45&""))="NOT TESTED"),NOT(AND(ISNUMBER(IFERROR(VALUE(I45&""),"")),OR(IFERROR(VALUE(I45&""),"")=0,IFERROR(VALUE(I45&""),"")=1,IFERROR(VALUE(I45&""),"")=2,IFERROR(VALUE(I45&""),"")=3))))),AND(ISNUMBER(IFERROR(VALUE(I45&""),"")),OR(IFERROR(VALUE(I45&""),"")=0,IFERROR(VALUE(I45&""),"")=1,IFERROR(VALUE(I45&""),"")=2,IFERROR(VALUE(I45&""),"")=3))),3*IF(D45="Must",2,1),0)) | P45: =IF(OR(AA45,NOT(AND(D45="Must",ISNUMBER(X45),X45=0))),0,1) | Q45: =IF(OR(AA45,NOT(AND(D45="Must",ISNUMBER(X45),X45=1))),0,1) | R45: =IF(AND(NOT(AA45),D45="Must",I45=""),1,0) | S45: =IF(AND(NOT(AA45),UPPER(TRIM(I45&""))="N/A",L45<>"Yes"),1,0) | T45: =IF(AND(NOT(AA45),UPPER(TRIM(I45&""))="NOT TESTED",M45<>"Yes"),1,0) | U45: =IF(OR(AA45,NOT(AND(D45="Should",ISNUMBER(X45),X45=0))),0,1) | V45: =IF(OR(AA45,NOT(AND(D45="Should",ISNUMBER(X45),X45=1))),0,1) | W45: =IF(OR(I45="",AA45),0,1) | X45: =IF(I45="","",IF(UPPER(TRIM(I45&""))="N/A","N/A",IF(UPPER(TRIM(I45&""))="NOT TESTED","NT",IF(AND(ISNUMBER(IFERROR(VALUE(I45&""),"")),OR(IFERROR(VALUE(I45&""),"")=0,IFERROR(VALUE(I45&""),"")=1,IFERROR(VALUE(I45&""),"")=2,IFERROR(VALUE(I45&""),"")=3)),IFERROR(VALUE(I45&""),""),"BAD")))) | Y45: =IF(OR(AA45,NOT(OR(AND(D45="Must",I45="",SUM($W$6:$W$47)>0),AND(ISNUMBER(X45),X45<2),AND(UPPER(TRIM(I45&""))="N/A",L45<>"Yes"),AND(UPPER(TRIM(I45&""))="NOT TESTED",M45<>"Yes"),AND(NOT(I45=""),NOT(UPPER(TRIM(I45&""))="N/A"),NOT(UPPER(TRIM(I45&""))="NOT TESTED"),NOT(AND(ISNUMBER(IFERROR(VALUE(I45&""),"")),OR(IFERROR(VALUE(I45&""),"")=0,IFERROR(VALUE(I45&""),"")=1,IFERROR(VALUE(I45&""),"")=2,IFERROR(VALUE(I45&""),"")=3))))))),0,1) | Z45: =IF(Y45=1,COUNTIF($Y$6:Y45,1),0) | AA45: =OR(AND(LEFT(A45,1)="O",EngagementType<>"Overall opinion"),AND(A45="G3",StandardsEra="Before 9 January 2025"),AND(A45="E2",OR(INDEX($I$6:$I$47,MATCH("E1",$A$6:$A$47,0))=0,INDEX($I$6:$I$47,MATCH("E1",$A$6:$A$47,0))="0")),AND(A45="B2",UPPER(TRIM(INDEX($I$6:$I$47,MATCH("B1",$A$6:$A$47,0))&""))="N/A"),AND(OR(A45="D1",A45="D2",A45="D3",A45="D4",A45="D5"),UPPER(TRIM(INDEX($I$6:$I$47,MATCH("C1",$A$6:$A$47,0))&""))="N/A")) | AB45: 11.3 | AC45: =IF(AND(NOT(AA45),AND(NOT(I45=""),NOT(UPPER(TRIM(I45&""))="N/A"),NOT(UPPER(TRIM(I45&""))="NOT TESTED"),NOT(AND(ISNUMBER(IFERROR(VALUE(I45&""),"")),OR(IFERROR(VALUE(I45&""),"")=0,IFERROR(VALUE(I45&""),"")=1,IFERROR(VALUE(I45&""),"")=2,IFERROR(VALUE(I45&""),"")=3))))),1,0)
A46: O4 | B46: Overall opinion | C46: Close | D46: Must | E46: The supporting information is summarised | F46: The conclusion is supported by relevant, reliable, and sufficient information, summarised in the communication. | G46: ="11.3 "&INDEX('6. Standards'!$B$5:$B$21,MATCH("11.3",'6. Standards'!$A$5:$A$21,0))&" — "&INDEX('6. Standards'!$C$5:$C$21,MATCH("11.3",'6. Standards'!$A$5:$A$21,0)) | H46: =IF(EngagementType<>"Overall opinion","Off. These lines apply only when 2. Details says Overall opinion. Type is "&IF(EngagementType="","not set",EngagementType)&".","On. Standard 11.3 requires this element of an overall conclusion.") | L46: No | M46: No | N46: =IF(OR(OR(AA46,AND(UPPER(TRIM(I46&""))="N/A",L46="Yes"),AND(UPPER(TRIM(I46&""))="NOT TESTED",M46="Yes")),OR(AND(UPPER(TRIM(I46&""))="N/A",L46<>"Yes"),AND(UPPER(TRIM(I46&""))="NOT TESTED",M46<>"Yes"),AND(NOT(I46=""),NOT(UPPER(TRIM(I46&""))="N/A"),NOT(UPPER(TRIM(I46&""))="NOT TESTED"),NOT(AND(ISNUMBER(IFERROR(VALUE(I46&""),"")),OR(IFERROR(VALUE(I46&""),"")=0,IFERROR(VALUE(I46&""),"")=1,IFERROR(VALUE(I46&""),"")=2,IFERROR(VALUE(I46&""),"")=3)))))),0,IF(AND(ISNUMBER(IFERROR(VALUE(I46&""),"")),OR(IFERROR(VALUE(I46&""),"")=0,IFERROR(VALUE(I46&""),"")=1,IFERROR(VALUE(I46&""),"")=2,IFERROR(VALUE(I46&""),"")=3)),IFERROR(VALUE(I46&""),"")*IF(D46="Must",2,1),0)) | O46: =IF(OR(AA46,AND(UPPER(TRIM(I46&""))="N/A",L46="Yes"),AND(UPPER(TRIM(I46&""))="NOT TESTED",M46="Yes")),0,IF(OR(OR(AND(UPPER(TRIM(I46&""))="N/A",L46<>"Yes"),AND(UPPER(TRIM(I46&""))="NOT TESTED",M46<>"Yes"),AND(NOT(I46=""),NOT(UPPER(TRIM(I46&""))="N/A"),NOT(UPPER(TRIM(I46&""))="NOT TESTED"),NOT(AND(ISNUMBER(IFERROR(VALUE(I46&""),"")),OR(IFERROR(VALUE(I46&""),"")=0,IFERROR(VALUE(I46&""),"")=1,IFERROR(VALUE(I46&""),"")=2,IFERROR(VALUE(I46&""),"")=3))))),AND(ISNUMBER(IFERROR(VALUE(I46&""),"")),OR(IFERROR(VALUE(I46&""),"")=0,IFERROR(VALUE(I46&""),"")=1,IFERROR(VALUE(I46&""),"")=2,IFERROR(VALUE(I46&""),"")=3))),3*IF(D46="Must",2,1),0)) | P46: =IF(OR(AA46,NOT(AND(D46="Must",ISNUMBER(X46),X46=0))),0,1) | Q46: =IF(OR(AA46,NOT(AND(D46="Must",ISNUMBER(X46),X46=1))),0,1) | R46: =IF(AND(NOT(AA46),D46="Must",I46=""),1,0) | S46: =IF(AND(NOT(AA46),UPPER(TRIM(I46&""))="N/A",L46<>"Yes"),1,0) | T46: =IF(AND(NOT(AA46),UPPER(TRIM(I46&""))="NOT TESTED",M46<>"Yes"),1,0) | U46: =IF(OR(AA46,NOT(AND(D46="Should",ISNUMBER(X46),X46=0))),0,1) | V46: =IF(OR(AA46,NOT(AND(D46="Should",ISNUMBER(X46),X46=1))),0,1) | W46: =IF(OR(I46="",AA46),0,1) | X46: =IF(I46="","",IF(UPPER(TRIM(I46&""))="N/A","N/A",IF(UPPER(TRIM(I46&""))="NOT TESTED","NT",IF(AND(ISNUMBER(IFERROR(VALUE(I46&""),"")),OR(IFERROR(VALUE(I46&""),"")=0,IFERROR(VALUE(I46&""),"")=1,IFERROR(VALUE(I46&""),"")=2,IFERROR(VALUE(I46&""),"")=3)),IFERROR(VALUE(I46&""),""),"BAD")))) | Y46: =IF(OR(AA46,NOT(OR(AND(D46="Must",I46="",SUM($W$6:$W$47)>0),AND(ISNUMBER(X46),X46<2),AND(UPPER(TRIM(I46&""))="N/A",L46<>"Yes"),AND(UPPER(TRIM(I46&""))="NOT TESTED",M46<>"Yes"),AND(NOT(I46=""),NOT(UPPER(TRIM(I46&""))="N/A"),NOT(UPPER(TRIM(I46&""))="NOT TESTED"),NOT(AND(ISNUMBER(IFERROR(VALUE(I46&""),"")),OR(IFERROR(VALUE(I46&""),"")=0,IFERROR(VALUE(I46&""),"")=1,IFERROR(VALUE(I46&""),"")=2,IFERROR(VALUE(I46&""),"")=3))))))),0,1) | Z46: =IF(Y46=1,COUNTIF($Y$6:Y46,1),0) | AA46: =OR(AND(LEFT(A46,1)="O",EngagementType<>"Overall opinion"),AND(A46="G3",StandardsEra="Before 9 January 2025"),AND(A46="E2",OR(INDEX($I$6:$I$47,MATCH("E1",$A$6:$A$47,0))=0,INDEX($I$6:$I$47,MATCH("E1",$A$6:$A$47,0))="0")),AND(A46="B2",UPPER(TRIM(INDEX($I$6:$I$47,MATCH("B1",$A$6:$A$47,0))&""))="N/A"),AND(OR(A46="D1",A46="D2",A46="D3",A46="D4",A46="D5"),UPPER(TRIM(INDEX($I$6:$I$47,MATCH("C1",$A$6:$A$47,0))&""))="N/A")) | AB46: 11.3 | AC46: =IF(AND(NOT(AA46),AND(NOT(I46=""),NOT(UPPER(TRIM(I46&""))="N/A"),NOT(UPPER(TRIM(I46&""))="NOT TESTED"),NOT(AND(ISNUMBER(IFERROR(VALUE(I46&""),"")),OR(IFERROR(VALUE(I46&""),"")=0,IFERROR(VALUE(I46&""),"")=1,IFERROR(VALUE(I46&""),"")=2,IFERROR(VALUE(I46&""),"")=3))))),1,0)
A47: O5 | B47: Overall opinion | C47: Close | D47: Must | E47: Reliance on other assurance providers is disclosed | F47: Any reliance on other assurance providers is disclosed. Use N/A when the conclusion does not rely on others. | G47: ="11.3 "&INDEX('6. Standards'!$B$5:$B$21,MATCH("11.3",'6. Standards'!$A$5:$A$21,0))&" — "&INDEX('6. Standards'!$C$5:$C$21,MATCH("11.3",'6. Standards'!$A$5:$A$21,0)) | H47: =IF(EngagementType<>"Overall opinion","Off. These lines apply only when 2. Details says Overall opinion. Type is "&IF(EngagementType="","not set",EngagementType)&".","On. Standard 11.3 requires this element of an overall conclusion.") | L47: Yes | M47: No | N47: =IF(OR(OR(AA47,AND(UPPER(TRIM(I47&""))="N/A",L47="Yes"),AND(UPPER(TRIM(I47&""))="NOT TESTED",M47="Yes")),OR(AND(UPPER(TRIM(I47&""))="N/A",L47<>"Yes"),AND(UPPER(TRIM(I47&""))="NOT TESTED",M47<>"Yes"),AND(NOT(I47=""),NOT(UPPER(TRIM(I47&""))="N/A"),NOT(UPPER(TRIM(I47&""))="NOT TESTED"),NOT(AND(ISNUMBER(IFERROR(VALUE(I47&""),"")),OR(IFERROR(VALUE(I47&""),"")=0,IFERROR(VALUE(I47&""),"")=1,IFERROR(VALUE(I47&""),"")=2,IFERROR(VALUE(I47&""),"")=3)))))),0,IF(AND(ISNUMBER(IFERROR(VALUE(I47&""),"")),OR(IFERROR(VALUE(I47&""),"")=0,IFERROR(VALUE(I47&""),"")=1,IFERROR(VALUE(I47&""),"")=2,IFERROR(VALUE(I47&""),"")=3)),IFERROR(VALUE(I47&""),"")*IF(D47="Must",2,1),0)) | O47: =IF(OR(AA47,AND(UPPER(TRIM(I47&""))="N/A",L47="Yes"),AND(UPPER(TRIM(I47&""))="NOT TESTED",M47="Yes")),0,IF(OR(OR(AND(UPPER(TRIM(I47&""))="N/A",L47<>"Yes"),AND(UPPER(TRIM(I47&""))="NOT TESTED",M47<>"Yes"),AND(NOT(I47=""),NOT(UPPER(TRIM(I47&""))="N/A"),NOT(UPPER(TRIM(I47&""))="NOT TESTED"),NOT(AND(ISNUMBER(IFERROR(VALUE(I47&""),"")),OR(IFERROR(VALUE(I47&""),"")=0,IFERROR(VALUE(I47&""),"")=1,IFERROR(VALUE(I47&""),"")=2,IFERROR(VALUE(I47&""),"")=3))))),AND(ISNUMBER(IFERROR(VALUE(I47&""),"")),OR(IFERROR(VALUE(I47&""),"")=0,IFERROR(VALUE(I47&""),"")=1,IFERROR(VALUE(I47&""),"")=2,IFERROR(VALUE(I47&""),"")=3))),3*IF(D47="Must",2,1),0)) | P47: =IF(OR(AA47,NOT(AND(D47="Must",ISNUMBER(X47),X47=0))),0,1) | Q47: =IF(OR(AA47,NOT(AND(D47="Must",ISNUMBER(X47),X47=1))),0,1) | R47: =IF(AND(NOT(AA47),D47="Must",I47=""),1,0) | S47: =IF(AND(NOT(AA47),UPPER(TRIM(I47&""))="N/A",L47<>"Yes"),1,0) | T47: =IF(AND(NOT(AA47),UPPER(TRIM(I47&""))="NOT TESTED",M47<>"Yes"),1,0) | U47: =IF(OR(AA47,NOT(AND(D47="Should",ISNUMBER(X47),X47=0))),0,1) | V47: =IF(OR(AA47,NOT(AND(D47="Should",ISNUMBER(X47),X47=1))),0,1) | W47: =IF(OR(I47="",AA47),0,1) | X47: =IF(I47="","",IF(UPPER(TRIM(I47&""))="N/A","N/A",IF(UPPER(TRIM(I47&""))="NOT TESTED","NT",IF(AND(ISNUMBER(IFERROR(VALUE(I47&""),"")),OR(IFERROR(VALUE(I47&""),"")=0,IFERROR(VALUE(I47&""),"")=1,IFERROR(VALUE(I47&""),"")=2,IFERROR(VALUE(I47&""),"")=3)),IFERROR(VALUE(I47&""),""),"BAD")))) | Y47: =IF(OR(AA47,NOT(OR(AND(D47="Must",I47="",SUM($W$6:$W$47)>0),AND(ISNUMBER(X47),X47<2),AND(UPPER(TRIM(I47&""))="N/A",L47<>"Yes"),AND(UPPER(TRIM(I47&""))="NOT TESTED",M47<>"Yes"),AND(NOT(I47=""),NOT(UPPER(TRIM(I47&""))="N/A"),NOT(UPPER(TRIM(I47&""))="NOT TESTED"),NOT(AND(ISNUMBER(IFERROR(VALUE(I47&""),"")),OR(IFERROR(VALUE(I47&""),"")=0,IFERROR(VALUE(I47&""),"")=1,IFERROR(VALUE(I47&""),"")=2,IFERROR(VALUE(I47&""),"")=3))))))),0,1) | Z47: =IF(Y47=1,COUNTIF($Y$6:Y47,1),0) | AA47: =OR(AND(LEFT(A47,1)="O",EngagementType<>"Overall opinion"),AND(A47="G3",StandardsEra="Before 9 January 2025"),AND(A47="E2",OR(INDEX($I$6:$I$47,MATCH("E1",$A$6:$A$47,0))=0,INDEX($I$6:$I$47,MATCH("E1",$A$6:$A$47,0))="0")),AND(A47="B2",UPPER(TRIM(INDEX($I$6:$I$47,MATCH("B1",$A$6:$A$47,0))&""))="N/A"),AND(OR(A47="D1",A47="D2",A47="D3",A47="D4",A47="D5"),UPPER(TRIM(INDEX($I$6:$I$47,MATCH("C1",$A$6:$A$47,0))&""))="N/A")) | AB47: 11.3 | AC47: =IF(AND(NOT(AA47),AND(NOT(I47=""),NOT(UPPER(TRIM(I47&""))="N/A"),NOT(UPPER(TRIM(I47&""))="NOT TESTED"),NOT(AND(ISNUMBER(IFERROR(VALUE(I47&""),"")),OR(IFERROR(VALUE(I47&""),"")=0,IFERROR(VALUE(I47&""),"")=1,IFERROR(VALUE(I47&""),"")=2,IFERROR(VALUE(I47&""),"")=3))))),1,0)

Sheet 4. Findings
A1: Finding-level test
A2: One row per finding, up to 20. Y = present and usable. P = present but weak. N = absent or wrong. Map these columns to C1, C2, C3, C4, C5, and D1. The matrix remains the scored record. If there are more than 20 findings, record the pattern on the matrix rather than adding a row.
A3: =IF(ReportTitle="","","Report: "&ReportTitle)
A5: Findings logged | B5: =COUNTA(A8:A27) | C5: N on cause | D5: =COUNTIF(E8:E27,"N") | E5: N on effect | F5: =COUNTIF(F8:F27,"N") | G5: Average / 2 | H5: =IF(COUNT(K8:K27)=0,"—",ROUND(AVERAGE(K8:K27),2))
A7: Finding title | B7: Priority in the report | C7: Criteria named | D7: Condition against criteria | E7: Root cause, or why it could not be found | F7: Effect | G7: Priority is defined | H7: Evidence a reader can see | I7: Action addresses the cause | J7: Reviewer note | K7: Attribute score / 2
K8: =IF(COUNTIF(C8:I8,"Y")+COUNTIF(C8:I8,"P")+COUNTIF(C8:I8,"N")=0,"",ROUND((COUNTIF(C8:I8,"Y")*2+COUNTIF(C8:I8,"P"))/(COUNTIF(C8:I8,"Y")+COUNTIF(C8:I8,"P")+COUNTIF(C8:I8,"N")),2))
K9: =IF(COUNTIF(C9:I9,"Y")+COUNTIF(C9:I9,"P")+COUNTIF(C9:I9,"N")=0,"",ROUND((COUNTIF(C9:I9,"Y")*2+COUNTIF(C9:I9,"P"))/(COUNTIF(C9:I9,"Y")+COUNTIF(C9:I9,"P")+COUNTIF(C9:I9,"N")),2))
K10: =IF(COUNTIF(C10:I10,"Y")+COUNTIF(C10:I10,"P")+COUNTIF(C10:I10,"N")=0,"",ROUND((COUNTIF(C10:I10,"Y")*2+COUNTIF(C10:I10,"P"))/(COUNTIF(C10:I10,"Y")+COUNTIF(C10:I10,"P")+COUNTIF(C10:I10,"N")),2))
K11: =IF(COUNTIF(C11:I11,"Y")+COUNTIF(C11:I11,"P")+COUNTIF(C11:I11,"N")=0,"",ROUND((COUNTIF(C11:I11,"Y")*2+COUNTIF(C11:I11,"P"))/(COUNTIF(C11:I11,"Y")+COUNTIF(C11:I11,"P")+COUNTIF(C11:I11,"N")),2))
K12: =IF(COUNTIF(C12:I12,"Y")+COUNTIF(C12:I12,"P")+COUNTIF(C12:I12,"N")=0,"",ROUND((COUNTIF(C12:I12,"Y")*2+COUNTIF(C12:I12,"P"))/(COUNTIF(C12:I12,"Y")+COUNTIF(C12:I12,"P")+COUNTIF(C12:I12,"N")),2))
K13: =IF(COUNTIF(C13:I13,"Y")+COUNTIF(C13:I13,"P")+COUNTIF(C13:I13,"N")=0,"",ROUND((COUNTIF(C13:I13,"Y")*2+COUNTIF(C13:I13,"P"))/(COUNTIF(C13:I13,"Y")+COUNTIF(C13:I13,"P")+COUNTIF(C13:I13,"N")),2))
K14: =IF(COUNTIF(C14:I14,"Y")+COUNTIF(C14:I14,"P")+COUNTIF(C14:I14,"N")=0,"",ROUND((COUNTIF(C14:I14,"Y")*2+COUNTIF(C14:I14,"P"))/(COUNTIF(C14:I14,"Y")+COUNTIF(C14:I14,"P")+COUNTIF(C14:I14,"N")),2))
K15: =IF(COUNTIF(C15:I15,"Y")+COUNTIF(C15:I15,"P")+COUNTIF(C15:I15,"N")=0,"",ROUND((COUNTIF(C15:I15,"Y")*2+COUNTIF(C15:I15,"P"))/(COUNTIF(C15:I15,"Y")+COUNTIF(C15:I15,"P")+COUNTIF(C15:I15,"N")),2))
K16: =IF(COUNTIF(C16:I16,"Y")+COUNTIF(C16:I16,"P")+COUNTIF(C16:I16,"N")=0,"",ROUND((COUNTIF(C16:I16,"Y")*2+COUNTIF(C16:I16,"P"))/(COUNTIF(C16:I16,"Y")+COUNTIF(C16:I16,"P")+COUNTIF(C16:I16,"N")),2))
K17: =IF(COUNTIF(C17:I17,"Y")+COUNTIF(C17:I17,"P")+COUNTIF(C17:I17,"N")=0,"",ROUND((COUNTIF(C17:I17,"Y")*2+COUNTIF(C17:I17,"P"))/(COUNTIF(C17:I17,"Y")+COUNTIF(C17:I17,"P")+COUNTIF(C17:I17,"N")),2))
K18: =IF(COUNTIF(C18:I18,"Y")+COUNTIF(C18:I18,"P")+COUNTIF(C18:I18,"N")=0,"",ROUND((COUNTIF(C18:I18,"Y")*2+COUNTIF(C18:I18,"P"))/(COUNTIF(C18:I18,"Y")+COUNTIF(C18:I18,"P")+COUNTIF(C18:I18,"N")),2))
K19: =IF(COUNTIF(C19:I19,"Y")+COUNTIF(C19:I19,"P")+COUNTIF(C19:I19,"N")=0,"",ROUND((COUNTIF(C19:I19,"Y")*2+COUNTIF(C19:I19,"P"))/(COUNTIF(C19:I19,"Y")+COUNTIF(C19:I19,"P")+COUNTIF(C19:I19,"N")),2))
... K27: =IF(COUNTIF(C27:I27,"Y")+COUNTIF(C27:I27,"P")+COUNTIF(C27:I27,"N")=0,"",ROUND((COUNTIF(C27:I27,"Y")*2+COUNTIF(C27:I27,"P"))/(COUNTIF(C27:I27,"Y")+COUNTIF(C27:I27,"P")+COUNTIF(C27:I27,"N")),2))
A29: Carry a pattern into the matrix. Several significant findings with N on cause: score C2 as 1. A single housekeeping finding can stay at 2 on the matrix when the significant findings are sound. Blank owners on a final report score D2 as 0. Blank owners on a draft score Not tested.
A31: Cross-reference to the matrix. The suggestion is a formula from the Y, P and N marks. It does not change the score on 3. Matrix.
A32: Matrix line | B32: Suggested score | C32: Score entered on the matrix | D32: Same | E32: Standard, from the matrix
A33: =INDEX('3. Matrix'!$A$6:$A$47,MATCH("B1",'3. Matrix'!$A$6:$A$47,0)) | B33: =IF(COUNTIF(C8:C27,"Y")+COUNTIF(C8:C27,"P")+COUNTIF(C8:C27,"N")=0,"",IF(COUNTIF(C8:C27,"N")=COUNTIF(C8:C27,"Y")+COUNTIF(C8:C27,"P")+COUNTIF(C8:C27,"N"),0,IF(OR(COUNTIF(C8:C27,"N")>0,COUNTIF(C8:C27,"P")>0),1,2))) | C33: =IFERROR(INDEX('3. Matrix'!$I$6:$I$47,MATCH(A33,'3. Matrix'!$A$6:$A$47,0)),"") | D33: =IF(OR(B33="",C33=""),"",IF(B33&""=C33&"","Yes","Check")) | E33: =IFERROR(INDEX('3. Matrix'!$G$6:$G$47,MATCH(A33,'3. Matrix'!$A$6:$A$47,0)),"")
A34: =INDEX('3. Matrix'!$A$6:$A$47,MATCH("C1",'3. Matrix'!$A$6:$A$47,0)) | B34: =IF(COUNTIF(D8:D27,"Y")+COUNTIF(D8:D27,"P")+COUNTIF(D8:D27,"N")=0,"",IF(COUNTIF(D8:D27,"N")=COUNTIF(D8:D27,"Y")+COUNTIF(D8:D27,"P")+COUNTIF(D8:D27,"N"),0,IF(OR(COUNTIF(D8:D27,"N")>0,COUNTIF(D8:D27,"P")>0),1,2))) | C34: =IFERROR(INDEX('3. Matrix'!$I$6:$I$47,MATCH(A34,'3. Matrix'!$A$6:$A$47,0)),"") | D34: =IF(OR(B34="",C34=""),"",IF(B34&""=C34&"","Yes","Check")) | E34: =IFERROR(INDEX('3. Matrix'!$G$6:$G$47,MATCH(A34,'3. Matrix'!$A$6:$A$47,0)),"")
A35: =INDEX('3. Matrix'!$A$6:$A$47,MATCH("C2",'3. Matrix'!$A$6:$A$47,0)) | B35: =IF(COUNTIF(E8:E27,"Y")+COUNTIF(E8:E27,"P")+COUNTIF(E8:E27,"N")=0,"",IF(COUNTIF(E8:E27,"N")=COUNTIF(E8:E27,"Y")+COUNTIF(E8:E27,"P")+COUNTIF(E8:E27,"N"),0,IF(OR(COUNTIF(E8:E27,"N")>0,COUNTIF(E8:E27,"P")>0),1,2))) | C35: =IFERROR(INDEX('3. Matrix'!$I$6:$I$47,MATCH(A35,'3. Matrix'!$A$6:$A$47,0)),"") | D35: =IF(OR(B35="",C35=""),"",IF(B35&""=C35&"","Yes","Check")) | E35: =IFERROR(INDEX('3. Matrix'!$G$6:$G$47,MATCH(A35,'3. Matrix'!$A$6:$A$47,0)),"")
A36: =INDEX('3. Matrix'!$A$6:$A$47,MATCH("C3",'3. Matrix'!$A$6:$A$47,0)) | B36: =IF(COUNTIF(F8:F27,"Y")+COUNTIF(F8:F27,"P")+COUNTIF(F8:F27,"N")=0,"",IF(COUNTIF(F8:F27,"N")=COUNTIF(F8:F27,"Y")+COUNTIF(F8:F27,"P")+COUNTIF(F8:F27,"N"),0,IF(OR(COUNTIF(F8:F27,"N")>0,COUNTIF(F8:F27,"P")>0),1,2))) | C36: =IFERROR(INDEX('3. Matrix'!$I$6:$I$47,MATCH(A36,'3. Matrix'!$A$6:$A$47,0)),"") | D36: =IF(OR(B36="",C36=""),"",IF(B36&""=C36&"","Yes","Check")) | E36: =IFERROR(INDEX('3. Matrix'!$G$6:$G$47,MATCH(A36,'3. Matrix'!$A$6:$A$47,0)),"")
A37: =INDEX('3. Matrix'!$A$6:$A$47,MATCH("C4",'3. Matrix'!$A$6:$A$47,0)) | B37: =IF(COUNTIF(G8:G27,"Y")+COUNTIF(G8:G27,"P")+COUNTIF(G8:G27,"N")=0,"",IF(COUNTIF(G8:G27,"N")=COUNTIF(G8:G27,"Y")+COUNTIF(G8:G27,"P")+COUNTIF(G8:G27,"N"),0,IF(OR(COUNTIF(G8:G27,"N")>0,COUNTIF(G8:G27,"P")>0),1,2))) | C37: =IFERROR(INDEX('3. Matrix'!$I$6:$I$47,MATCH(A37,'3. Matrix'!$A$6:$A$47,0)),"") | D37: =IF(OR(B37="",C37=""),"",IF(B37&""=C37&"","Yes","Check")) | E37: =IFERROR(INDEX('3. Matrix'!$G$6:$G$47,MATCH(A37,'3. Matrix'!$A$6:$A$47,0)),"")
A38: =INDEX('3. Matrix'!$A$6:$A$47,MATCH("C5",'3. Matrix'!$A$6:$A$47,0)) | B38: =IF(COUNTIF(H8:H27,"Y")+COUNTIF(H8:H27,"P")+COUNTIF(H8:H27,"N")=0,"",IF(COUNTIF(H8:H27,"N")=COUNTIF(H8:H27,"Y")+COUNTIF(H8:H27,"P")+COUNTIF(H8:H27,"N"),0,IF(OR(COUNTIF(H8:H27,"N")>0,COUNTIF(H8:H27,"P")>0),1,2))) | C38: =IFERROR(INDEX('3. Matrix'!$I$6:$I$47,MATCH(A38,'3. Matrix'!$A$6:$A$47,0)),"") | D38: =IF(OR(B38="",C38=""),"",IF(B38&""=C38&"","Yes","Check")) | E38: =IFERROR(INDEX('3. Matrix'!$G$6:$G$47,MATCH(A38,'3. Matrix'!$A$6:$A$47,0)),"")
A39: =INDEX('3. Matrix'!$A$6:$A$47,MATCH("D1",'3. Matrix'!$A$6:$A$47,0)) | B39: =IF(COUNTIF(I8:I27,"Y")+COUNTIF(I8:I27,"P")+COUNTIF(I8:I27,"N")=0,"",IF(COUNTIF(I8:I27,"N")=COUNTIF(I8:I27,"Y")+COUNTIF(I8:I27,"P")+COUNTIF(I8:I27,"N"),0,IF(OR(COUNTIF(I8:I27,"N")>0,COUNTIF(I8:I27,"P")>0),1,2))) | C39: =IFERROR(INDEX('3. Matrix'!$I$6:$I$47,MATCH(A39,'3. Matrix'!$A$6:$A$47,0)),"") | D39: =IF(OR(B39="",C39=""),"",IF(B39&""=C39&"","Yes","Check")) | E39: =IFERROR(INDEX('3. Matrix'!$G$6:$G$47,MATCH(A39,'3. Matrix'!$A$6:$A$47,0)),"")

Sheet 5. Scorecard
B2: Scorecard
B3: =IF(ReportTitle="","Complete 2. Details and 3. Matrix.","Report: "&ReportTitle&IF(Organisation="",""," | "&Organisation)&IF(Reviewer="",""," | "&Reviewer)&IF(ReviewDate="",""," | "&ReviewDate))
B5: Issue decision | E5: Findings index | F5: Close index | G5: Combined
B6: =IF(EngagementType="Not an engagement report","Outside this matrix",IF(DocStatus="Draft","Draft — "&IF(SUM(ScoredFlags)=0,"Not started",IF(OR(SUM(MustFail)>0,SUM(MustBlank)>0,SUM(InvalidNA)>0,SUM(InvalidNT)>0,SUM(InvalidScore)>0),"Withhold",IF(OR(SUM(MustPartial)>0,SUM(ShouldFail)>=3),"Revise before issue",IF(OR(SUM(ShouldFail)>0,SUM(ShouldPartial)>0),"Accept, and record the gaps","Accept")))),IF(SUM(ScoredFlags)=0,"Not started",IF(OR(SUM(MustFail)>0,SUM(MustBlank)>0,SUM(InvalidNA)>0,SUM(InvalidNT)>0,SUM(InvalidScore)>0),"Withhold",IF(OR(SUM(MustPartial)>0,SUM(ShouldFail)>=3),"Revise before issue",IF(OR(SUM(ShouldFail)>0,SUM(ShouldPartial)>0),"Accept, and record the gaps","Accept")))))) | E6: =IF(SUMIF(AxisCol,"Findings",MaxPoints)=0,"—",TEXT(SUMIF(AxisCol,"Findings",Points)/SUMIF(AxisCol,"Findings",MaxPoints),"0%")) | F6: =IF(SUMIF(AxisCol,"Close",MaxPoints)=0,"—",TEXT(SUMIF(AxisCol,"Close",Points)/SUMIF(AxisCol,"Close",MaxPoints),"0%")) | G6: =IF(SUM(MaxPoints)=0,"—",TEXT(SUM(Points)/SUM(MaxPoints),"0%"))
B8: =IF(AND(SUM(ScoredFlags)>0,OR(INDEX('3. Matrix'!$I$6:$I$47,MATCH("G6",'3. Matrix'!$A$6:$A$47,0))="",INDEX('3. Matrix'!$I$6:$I$47,MATCH("G7",'3. Matrix'!$A$6:$A$47,0))="")),"G6 and G7 are N/A on an ordinary engagement. A blank on either line withholds the report. Use N/A unless this document corrects a significant error, or shows risk accepted above appetite.","")
B9: =IF(UPPER(TRIM(INDEX('3. Matrix'!$I$6:$I$47,MATCH("G1",'3. Matrix'!$A$6:$A$47,0))&""))="NOT TESTED","Approval was not tested. Standard 15.1 still requires the chief audit executive to approve the communication before issue.","")
B10: A Met is 2 out of a maximum of 3, so a report that meets every scored line shows 67%. Must weight 2. Should weight 1. Not tested, permitted N/A, and any line column H marks Off are left out of both indexes. That switch is a formula: E2 when E1 is 0, B2 when B1 is N/A, D1 to D5 when C1 is N/A, G3 before 9 January 2025, and O1 to O5 unless the type is Overall opinion. On an ordinary report, enter N/A on G6 and G7.
B12: Gate | C12: Count | D12: Effect
B13: Must scored 0 | C13: =SUM(MustFail) | D13: Any count above zero forces Withhold.
B14: Must left blank | C14: =SUM(MustBlank) | D14: A blank Must on an active line forces Withhold. Not tested is not blank.
B15: N/A not permitted | C15: =SUM(InvalidNA) | D15: Forces Withhold until the score is corrected.
B16: Not tested not permitted | C16: =SUM(InvalidNT) | D16: Forces Withhold until the score is corrected.
B17: Must scored 1 | C17: =SUM(MustPartial) | D17: Any count above zero forces Revise before issue. A disclaimed conclusion is a 1 on E1.
B18: Should scored 0 | C18: =SUM(ShouldFail) | D18: Three or more forces Revise before issue.
B19: Should scored 1 | C19: =SUM(ShouldPartial) | D19: Keeps the decision at Accept, and record the gaps.
B20: Lines scored | C20: =SUM(ScoredFlags)&" of "&ROWS(ScoredFlags) | D20: A switched-off line does not count, even if a score was typed. The total is every line on the matrix.
B21: Score not on the list | C21: =SUM(InvalidScore) | D21: A word, or a number other than 0, 1, 2, or 3, forces Withhold.
B22: Index | C22: Points | D22: Maximum | E22: Result | F22: Must at 0 or 1 in this index
B23: Findings | C23: =SUMIF(AxisCol,B23,Points) | D23: =SUMIF(AxisCol,B23,MaxPoints) | E23: =IF(D23=0,"—",TEXT(C23/D23,"0%")) | F23: =SUMIF(AxisCol,B23,MustFail)+SUMIF(AxisCol,B23,MustPartial)
B24: Close | C24: =SUMIF(AxisCol,B24,Points) | D24: =SUMIF(AxisCol,B24,MaxPoints) | E24: =IF(D24=0,"—",TEXT(C24/D24,"0%")) | F24: =SUMIF(AxisCol,B24,MustFail)+SUMIF(AxisCol,B24,MustPartial)
B26: First 12 gaps. Must lines left blank once scoring has started, lines scored 0 or 1, and any score that is not 3, 2, 1, 0, N/A, or Not tested. Further gaps stay in the counts above.
B27: Ref | C27: Level | D27: Criterion | F27: Score | G27: Comment
B28: =IFERROR(INDEX('3. Matrix'!$A$6:$A$47,MATCH(1,'3. Matrix'!$Z$6:$Z$47,0)),"") | C28: =IF(B28="","",INDEX('3. Matrix'!$D$6:$D$47,MATCH(1,'3. Matrix'!$Z$6:$Z$47,0))) | D28: =IF(B28="","",INDEX('3. Matrix'!$E$6:$E$47,MATCH(1,'3. Matrix'!$Z$6:$Z$47,0))) | F28: =IF(B28="","",INDEX('3. Matrix'!$I$6:$I$47,MATCH(1,'3. Matrix'!$Z$6:$Z$47,0))) | G28: =IF(B28="","",INDEX('3. Matrix'!$K$6:$K$47,MATCH(1,'3. Matrix'!$Z$6:$Z$47,0)))
B29: =IFERROR(INDEX('3. Matrix'!$A$6:$A$47,MATCH(2,'3. Matrix'!$Z$6:$Z$47,0)),"") | C29: =IF(B29="","",INDEX('3. Matrix'!$D$6:$D$47,MATCH(2,'3. Matrix'!$Z$6:$Z$47,0))) | D29: =IF(B29="","",INDEX('3. Matrix'!$E$6:$E$47,MATCH(2,'3. Matrix'!$Z$6:$Z$47,0))) | F29: =IF(B29="","",INDEX('3. Matrix'!$I$6:$I$47,MATCH(2,'3. Matrix'!$Z$6:$Z$47,0))) | G29: =IF(B29="","",INDEX('3. Matrix'!$K$6:$K$47,MATCH(2,'3. Matrix'!$Z$6:$Z$47,0)))
B30: =IFERROR(INDEX('3. Matrix'!$A$6:$A$47,MATCH(3,'3. Matrix'!$Z$6:$Z$47,0)),"") | C30: =IF(B30="","",INDEX('3. Matrix'!$D$6:$D$47,MATCH(3,'3. Matrix'!$Z$6:$Z$47,0))) | D30: =IF(B30="","",INDEX('3. Matrix'!$E$6:$E$47,MATCH(3,'3. Matrix'!$Z$6:$Z$47,0))) | F30: =IF(B30="","",INDEX('3. Matrix'!$I$6:$I$47,MATCH(3,'3. Matrix'!$Z$6:$Z$47,0))) | G30: =IF(B30="","",INDEX('3. Matrix'!$K$6:$K$47,MATCH(3,'3. Matrix'!$Z$6:$Z$47,0)))
B31: =IFERROR(INDEX('3. Matrix'!$A$6:$A$47,MATCH(4,'3. Matrix'!$Z$6:$Z$47,0)),"") | C31: =IF(B31="","",INDEX('3. Matrix'!$D$6:$D$47,MATCH(4,'3. Matrix'!$Z$6:$Z$47,0))) | D31: =IF(B31="","",INDEX('3. Matrix'!$E$6:$E$47,MATCH(4,'3. Matrix'!$Z$6:$Z$47,0))) | F31: =IF(B31="","",INDEX('3. Matrix'!$I$6:$I$47,MATCH(4,'3. Matrix'!$Z$6:$Z$47,0))) | G31: =IF(B31="","",INDEX('3. Matrix'!$K$6:$K$47,MATCH(4,'3. Matrix'!$Z$6:$Z$47,0)))
B32: =IFERROR(INDEX('3. Matrix'!$A$6:$A$47,MATCH(5,'3. Matrix'!$Z$6:$Z$47,0)),"") | C32: =IF(B32="","",INDEX('3. Matrix'!$D$6:$D$47,MATCH(5,'3. Matrix'!$Z$6:$Z$47,0))) | D32: =IF(B32="","",INDEX('3. Matrix'!$E$6:$E$47,MATCH(5,'3. Matrix'!$Z$6:$Z$47,0))) | F32: =IF(B32="","",INDEX('3. Matrix'!$I$6:$I$47,MATCH(5,'3. Matrix'!$Z$6:$Z$47,0))) | G32: =IF(B32="","",INDEX('3. Matrix'!$K$6:$K$47,MATCH(5,'3. Matrix'!$Z$6:$Z$47,0)))
B33: =IFERROR(INDEX('3. Matrix'!$A$6:$A$47,MATCH(6,'3. Matrix'!$Z$6:$Z$47,0)),"") | C33: =IF(B33="","",INDEX('3. Matrix'!$D$6:$D$47,MATCH(6,'3. Matrix'!$Z$6:$Z$47,0))) | D33: =IF(B33="","",INDEX('3. Matrix'!$E$6:$E$47,MATCH(6,'3. Matrix'!$Z$6:$Z$47,0))) | F33: =IF(B33="","",INDEX('3. Matrix'!$I$6:$I$47,MATCH(6,'3. Matrix'!$Z$6:$Z$47,0))) | G33: =IF(B33="","",INDEX('3. Matrix'!$K$6:$K$47,MATCH(6,'3. Matrix'!$Z$6:$Z$47,0)))
B34: =IFERROR(INDEX('3. Matrix'!$A$6:$A$47,MATCH(7,'3. Matrix'!$Z$6:$Z$47,0)),"") | C34: =IF(B34="","",INDEX('3. Matrix'!$D$6:$D$47,MATCH(7,'3. Matrix'!$Z$6:$Z$47,0))) | D34: =IF(B34="","",INDEX('3. Matrix'!$E$6:$E$47,MATCH(7,'3. Matrix'!$Z$6:$Z$47,0))) | F34: =IF(B34="","",INDEX('3. Matrix'!$I$6:$I$47,MATCH(7,'3. Matrix'!$Z$6:$Z$47,0))) | G34: =IF(B34="","",INDEX('3. Matrix'!$K$6:$K$47,MATCH(7,'3. Matrix'!$Z$6:$Z$47,0)))
B35: =IFERROR(INDEX('3. Matrix'!$A$6:$A$47,MATCH(8,'3. Matrix'!$Z$6:$Z$47,0)),"") | C35: =IF(B35="","",INDEX('3. Matrix'!$D$6:$D$47,MATCH(8,'3. Matrix'!$Z$6:$Z$47,0))) | D35: =IF(B35="","",INDEX('3. Matrix'!$E$6:$E$47,MATCH(8,'3. Matrix'!$Z$6:$Z$47,0))) | F35: =IF(B35="","",INDEX('3. Matrix'!$I$6:$I$47,MATCH(8,'3. Matrix'!$Z$6:$Z$47,0))) | G35: =IF(B35="","",INDEX('3. Matrix'!$K$6:$K$47,MATCH(8,'3. Matrix'!$Z$6:$Z$47,0)))
B36: =IFERROR(INDEX('3. Matrix'!$A$6:$A$47,MATCH(9,'3. Matrix'!$Z$6:$Z$47,0)),"") | C36: =IF(B36="","",INDEX('3. Matrix'!$D$6:$D$47,MATCH(9,'3. Matrix'!$Z$6:$Z$47,0))) | D36: =IF(B36="","",INDEX('3. Matrix'!$E$6:$E$47,MATCH(9,'3. Matrix'!$Z$6:$Z$47,0))) | F36: =IF(B36="","",INDEX('3. Matrix'!$I$6:$I$47,MATCH(9,'3. Matrix'!$Z$6:$Z$47,0))) | G36: =IF(B36="","",INDEX('3. Matrix'!$K$6:$K$47,MATCH(9,'3. Matrix'!$Z$6:$Z$47,0)))
B37: =IFERROR(INDEX('3. Matrix'!$A$6:$A$47,MATCH(10,'3. Matrix'!$Z$6:$Z$47,0)),"") | C37: =IF(B37="","",INDEX('3. Matrix'!$D$6:$D$47,MATCH(10,'3. Matrix'!$Z$6:$Z$47,0))) | D37: =IF(B37="","",INDEX('3. Matrix'!$E$6:$E$47,MATCH(10,'3. Matrix'!$Z$6:$Z$47,0))) | F37: =IF(B37="","",INDEX('3. Matrix'!$I$6:$I$47,MATCH(10,'3. Matrix'!$Z$6:$Z$47,0))) | G37: =IF(B37="","",INDEX('3. Matrix'!$K$6:$K$47,MATCH(10,'3. Matrix'!$Z$6:$Z$47,0)))
B38: =IFERROR(INDEX('3. Matrix'!$A$6:$A$47,MATCH(11,'3. Matrix'!$Z$6:$Z$47,0)),"") | C38: =IF(B38="","",INDEX('3. Matrix'!$D$6:$D$47,MATCH(11,'3. Matrix'!$Z$6:$Z$47,0))) | D38: =IF(B38="","",INDEX('3. Matrix'!$E$6:$E$47,MATCH(11,'3. Matrix'!$Z$6:$Z$47,0))) | F38: =IF(B38="","",INDEX('3. Matrix'!$I$6:$I$47,MATCH(11,'3. Matrix'!$Z$6:$Z$47,0))) | G38: =IF(B38="","",INDEX('3. Matrix'!$K$6:$K$47,MATCH(11,'3. Matrix'!$Z$6:$Z$47,0)))
B39: =IFERROR(INDEX('3. Matrix'!$A$6:$A$47,MATCH(12,'3. Matrix'!$Z$6:$Z$47,0)),"") | C39: =IF(B39="","",INDEX('3. Matrix'!$D$6:$D$47,MATCH(12,'3. Matrix'!$Z$6:$Z$47,0))) | D39: =IF(B39="","",INDEX('3. Matrix'!$E$6:$E$47,MATCH(12,'3. Matrix'!$Z$6:$Z$47,0))) | F39: =IF(B39="","",INDEX('3. Matrix'!$I$6:$I$47,MATCH(12,'3. Matrix'!$Z$6:$Z$47,0))) | G39: =IF(B39="","",INDEX('3. Matrix'!$K$6:$K$47,MATCH(12,'3. Matrix'!$Z$6:$Z$47,0)))
B41: Reviewer conclusion
B42: State whether the findings index and the close index tell different stories, and whether any Not tested line still has to be cleared before issue.
B45: FRAMEWORK ARCHITECTURE, QAIP GOVERNANCE & THOUGHT LEADERSHIP
B46: Framework Architect: | C46: Majid Mumtaz | CIA (IIA), ACA (ICAEW UK), FCCA (ACCA UK), GRCP & GRCA (OCEG), COSO ERM Certified
B47: The Audit Signal Newsletter: | C47: The Audit Signal — Technical Articles on Continuous Auditing & GIAS 2024 Governance (LinkedIn)
B48: Continuous Controls Monitoring: | C48: Interactive Audit Portfolio & Tools (majidrajpar.github.io/portfolio_my)
B49: Author Executive Profile: | C49: LinkedIn Executive Profile: Majid Mumtaz

Sheet 6. Standards
A1: Standards cited by this matrix
A2: Each label is a formula the matrix looks up. The sentences are a paraphrase for this review. They are not the text of the Global Internal Audit Standards. Where they differ from the 9 January 2024 edition, follow the Standards. Column E lists the matrix lines that cite the standard.
A4: Standard | B4: Name | C4: Where in the Standards | D4: What it requires of this review | E4: Matrix lines | F4: Label the matrix looks up
